Customer_Service,Satisfaction,Customer_Service_TH
"I thought the representative handled the initial situation badly.  The company was out of cars, with none coming in that day.  Then the representative tried to find us a car at another franchise.  There they were successful.",0,ฉันคิดว่าตัวแทนจัดการกับสถานการณ์เบื้องต้นได้ไม่ดี บริษัทไม่มีรถเข้ามาเลยในวันนั้น จากนั้นตัวแทนก็พยายามหารถให้เราที่แฟรนไชส์อื่น ที่นั่นพวกเขาประสบความสำเร็จ
"I have had a few recent rentals that have taken a very very long time, with no offer of apology.  In the most recent case, the agent subsequently offered me a car type on an upgrade coupon and then told me it was no longer available because it had just be",0,ฉันมีห้องเช่าบางห้องเมื่อเร็วๆ นี้ซึ่งใช้เวลานานมาก โดยไม่มีข้อเสนอคำขอโทษใดๆ ในกรณีล่าสุด ตัวแทนได้เสนอประเภทรถให้ฉันด้วยคูปองอัปเกรด จากนั้นบอกฉันว่าไม่มีให้บริการแล้วเนื่องจากเพิ่งจะใช้งาน
car cost more because I didn't pay when I reserved it,0,ค่ารถแพงขึ้นเพราะไม่ได้จ่ายตอนที่จองไว้
I didn't get the car I was told would be available.  There were some hidden fees added on to the price I was quoted.,0,ฉันไม่ได้รับรถที่ฉันบอกว่าจะว่าง มีค่าธรรมเนียมซ่อนเร้นเพิ่มเติมจากราคาที่ฉันเสนอมา
If there was not a desired vehicle available the reps explored all options including competitors to assist in finding an available vehicle. This level of service brought me back not to their competitor but the company as this reflects on their overall quality.,1,หากไม่มียานพาหนะที่ต้องการ ตัวแทนจะสำรวจตัวเลือกทั้งหมดรวมถึงคู่แข่งเพื่อช่วยในการค้นหายานพาหนะที่พร้อมใช้งาน การบริการระดับนี้ไม่ได้ทำให้ฉันกลับมาหาคู่แข่งแต่รวมถึงบริษัทด้วย เนื่องจากสิ่งนี้สะท้อนถึงคุณภาพโดยรวมของพวกเขา
"Initially the representative handled the situation badly.  No car was available, even next day.  Then the rep helped to find us a car in another agency.",0,ในตอนแรกตัวแทนจัดการสถานการณ์ได้ไม่ดี ไม่มีรถว่างแม้แต่วันถัดไป จากนั้นตัวแทนก็ช่วยหารถให้เราในเอเจนซี่อื่น
"I have had a few issues with rentals recently, with no offer of apology.  Last time, the agent offered me an upgrade coupon but now he told me it is no longer available.",0,ฉันมีปัญหาเล็กน้อยเกี่ยวกับการเช่าเมื่อเร็วๆ นี้ โดยไม่มีข้อเสนอขอโทษ ครั้งล่าสุด ตัวแทนเสนอคูปองอัปเกรดให้ฉัน แต่ตอนนี้เขาบอกฉันว่าคูปองนี้ไม่สามารถใช้ได้อีกต่อไป
Car rental cost was higher because I decided to pay cash,0,ค่าเช่ารถก็สูงขึ้นเพราะผมตัดสินใจจ่ายเงินสด
I had to pay more because of some hidden fees. It disappointed me.,0,ฉันต้องจ่ายเพิ่มเพราะว่ามีค่าธรรมเนียมแอบแฝงอยู่บ้าง มันทำให้ฉันผิดหวัง
Although there were no available car in category stuff assisted in finding an available vehicle.,1,แม้ว่าจะไม่มีรถอยู่ในหมวดหมู่ที่ช่วยในการค้นหารถที่พร้อมใช้งาน
They were idiots.  The car had problems and they were unable to fix them or provide a replacement without a lot of hassle.,0,พวกเขาเป็นคนงี่เง่า รถมีปัญหาและไม่สามารถแก้ไขได้หรือเปลี่ยนให้ใหม่โดยไม่ต้องยุ่งยากมากนัก
They did not have the car I wanted.  upgraded me to a car I did not like and did not want.,0,พวกเขาไม่มีรถที่ฉันต้องการ อัพเกรดฉันเป็นรถที่ฉันไม่ชอบและไม่ต้องการ
They did not have the car I wanted.  upgraded me to a car I did not like and did not want.,0,พวกเขาไม่มีรถที่ฉันต้องการ อัพเกรดฉันเป็นรถที่ฉันไม่ชอบและไม่ต้องการ
They did not have the car I wanted.  upgraded me to a car I did not like and did not want.,0,พวกเขาไม่มีรถที่ฉันต้องการ อัพเกรดฉันเป็นรถที่ฉันไม่ชอบและไม่ต้องการ
They did not have the car I wanted.  upgraded me to a car I did not like and did not want.,0,พวกเขาไม่มีรถที่ฉันต้องการ อัพเกรดฉันเป็นรถที่ฉันไม่ชอบและไม่ต้องการ
They did not have the car I wanted.  upgraded me to a car I did not like and did not want.,0,พวกเขาไม่มีรถที่ฉันต้องการ อัพเกรดฉันเป็นรถที่ฉันไม่ชอบและไม่ต้องการ
They did not have the car I wanted.  upgraded me to a car I did not like and did not want.,0,พวกเขาไม่มีรถที่ฉันต้องการ อัพเกรดฉันเป็นรถที่ฉันไม่ชอบและไม่ต้องการ
They did not have the car I wanted.  upgraded me to a car I did not like and did not want.,0,พวกเขาไม่มีรถที่ฉันต้องการ อัพเกรดฉันเป็นรถที่ฉันไม่ชอบและไม่ต้องการ
They did not have the car I wanted.  upgraded me to a car I did not like and did not want.,0,พวกเขาไม่มีรถที่ฉันต้องการ อัพเกรดฉันเป็นรถที่ฉันไม่ชอบและไม่ต้องการ
They did not have the car I wanted.  upgraded me to a car I did not like and did not want.,0,พวกเขาไม่มีรถที่ฉันต้องการ อัพเกรดฉันเป็นรถที่ฉันไม่ชอบและไม่ต้องการ
They did not have the car I wanted.  upgraded me to a car I did not like and did not want.,0,พวกเขาไม่มีรถที่ฉันต้องการ อัพเกรดฉันเป็นรถที่ฉันไม่ชอบและไม่ต้องการ
They did not have the car I wanted.  upgraded me to a car I did not like and did not want.,0,พวกเขาไม่มีรถที่ฉันต้องการ อัพเกรดฉันเป็นรถที่ฉันไม่ชอบและไม่ต้องการ
"delayed shuttle, almost missed flight, bad customer service",0,รถรับส่งล่าช้า เกือบพลาดเที่ยวบิน การบริการลูกค้าแย่
I would like them to be more speedy.  Also I would like the rental company to check the car for previous damage while I am standing there.,0,ฉันอยากให้พวกเขาเร็วขึ้น นอกจากนี้ ฉันอยากให้บริษัทให้เช่าตรวจสอบรถว่ามีความเสียหายครั้งก่อนหรือไม่ในขณะที่ฉันยืนอยู่ตรงนั้น
"The only unpleasant aspects of interacting with personnel from the company was having to wait in a long line since most windows were closed. Also, they tried really hard to sell additional insurance coverage which was obnoxious.",0,ด้านที่ไม่พึงประสงค์ประการเดียวในการโต้ตอบกับบุคลากรจากบริษัทคือการต้องรอเป็นแถวยาวเนื่องจากหน้าต่างส่วนใหญ่ปิดอยู่ นอกจากนี้พวกเขายังพยายามอย่างหนักที่จะขายประกันเพิ่มเติมซึ่งน่ารังเกียจ
"Was average, nothing out of the ordinary.  Took a long time to get the car.",0,เป็นค่าเฉลี่ย ไม่มีอะไรผิดปกติ ใช้เวลานานในการรับรถ
"I haven't actually spoken with anyone from a car rental organization for quite a while.  When I did (probably about three years ago), I believe they were polite enough. However, I always hate to wait in lines when we have a lot of luggage.",0,จริงๆ แล้วฉันไม่ได้พูดคุยกับใครจากองค์กรให้เช่ารถมาระยะหนึ่งแล้ว ตอนที่ฉันทำ (อาจจะประมาณสามปีที่แล้ว) ฉันเชื่อว่าพวกเขาสุภาพเพียงพอ อย่างไรก็ตาม ฉันมักจะเกลียดการรอคิวเมื่อเรามีสัมภาระเยอะ
They were too pushy in trying to sell insurance.,0,พวกเขาเร่งเร้าเกินไปในการพยายามขายประกัน
speed up the rental process!,0,เร่งกระบวนการเช่า!
The counter girl seemed confused and she had lost our reservations. They directed us to one car and then came running out to tell us that was the wrong car and to come back to the counter. Getting directions took forever and they weren't accurate.,0,เคาน์เตอร์สาวดูสับสนและเธอทำการจองของเราหาย เขาพาเราไปที่รถคันหนึ่งแล้ววิ่งออกมาบอกว่าลงรถผิดแล้วจึงกลับมาที่เคาน์เตอร์ การขอเส้นทางใช้เวลานานและไม่แม่นยำ
"For the most part, they it's been really good service.  I usually rent from the airports because it's much cheaper.  Once they charged me over and I had to hunt down the accounting department to get my money back.  it was a pain.",0,โดยส่วนใหญ่แล้วพวกเขาก็ให้บริการที่ดีจริงๆ ฉันมักจะเช่าจากสนามบินเพราะมันถูกกว่ามาก เมื่อพวกเขาเรียกเก็บเงินจากฉัน และฉันต้องตามล่าแผนกบัญชีเพื่อเอาเงินคืน มันเป็นความเจ็บปวด
I HATE how they pressure you to buy add-on service.,0,ฉันเกลียดที่พวกเขากดดันให้คุณซื้อบริการเสริม
"took a long time to check in, and it would have been nice if someone explained how to get the convertible top down.",0,ใช้เวลาเช็คอินนาน และคงจะดีถ้ามีคนอธิบายวิธีเปิดประทุนแบบเปิดประทุน
"The agents were not friendly when I checked in initially, that was annoying because I had just spent 3 hours on a plane and wanted to be greeted with a better attitude.",0,เจ้าหน้าที่ไม่เป็นมิตรเมื่อฉันเช็คอินในตอนแรก มันน่ารำคาญเพราะฉันเพิ่งใช้เวลาบนเครื่องบิน 3 ชั่วโมงและต้องการได้รับการต้อนรับด้วยทัศนคติที่ดีขึ้น
they were a little slow,0,พวกเขาช้านิดหน่อย
I would like the reps be knowledgeable about the immediate area around the rental agency and or have maps for the area available free of charge.,0,ฉันต้องการให้ตัวแทนมีความรู้เกี่ยวกับพื้นที่โดยรอบบริษัทให้เช่า และหรือมีแผนที่สำหรับพื้นที่นั้นให้บริการฟรี
"I had to wait in line for a long time to get and return the vehicle.  Also, the car was not clean.",0,ฉันต้องรอคิวเป็นเวลานานเพื่อรับและคืนรถ อีกทั้งรถก็ไม่สะอาดด้วย
"The people where generally good, but overworked.  The printer went down.  The poor woman working the register was about to pull her hair out.  Customers were yelling at her, not me, but she was not in charge of the issues.",0,คนที่โดยทั่วไปดีแต่ทำงานหนักเกินไป เครื่องพิมพ์หยุดทำงาน หญิงยากจนที่ทำงานลงทะเบียนกำลังจะดึงผมของเธอออก ลูกค้าตะโกนใส่เธอ ไม่ใช่ฉัน แต่เธอไม่ได้รับผิดชอบปัญหาดังกล่าว
The car I reserved was not ready.,0,รถที่ฉันจองไว้ไม่พร้อม
"Had problems with windshield wipers that affected usability.  Problem was not solved.  Customer service was NOT helpful. Because of franchising, I was not able to get help from an office other than the one I rented from.  I had driven 60 miles from that location and there was another location 2 miles from where I was staying.",0,มีปัญหากับที่ปัดน้ำฝนที่ส่งผลต่อการใช้งาน ปัญหาไม่ได้รับการแก้ไข การบริการลูกค้าไม่เป็นประโยชน์ เนื่องจากเป็นแฟรนไชส์ ​​ฉันจึงไม่สามารถขอความช่วยเหลือจากสำนักงานอื่นที่ไม่ใช่สำนักงานที่ฉันเช่ามาได้ ฉันขับรถจากที่นั่นมา 60 ไมล์ และมีอีกที่หนึ่งซึ่งอยู่ห่างจากที่ฉันพักอยู่ 2 ไมล์
I thought that they were very short and not very friendly. I felt like they hated their job and could care less about the customer.,0,ฉันคิดว่าพวกเขาสั้นมากและไม่เป็นมิตรมาก ฉันรู้สึกเหมือนพวกเขาเกลียดงานของพวกเขาและไม่สนใจลูกค้าน้อยลง
"The only complaint I have is getting in fast, and not waiting in long lines. When I pick up a car. Or return it.",0,ข้อร้องเรียนเดียวที่ฉันมีคือการเข้าร้านอย่างรวดเร็วและไม่ต้องรอคิวนาน เมื่อผมไปรับรถ หรือส่งคืน.
"You need more staff to accommodate travelers who are in a hurry. Specifically, cut down the wait time to either retrieve or turn in a rental car.",0,คุณต้องมีพนักงานเพิ่มเพื่อรองรับนักเดินทางที่กำลังเร่งรีบ โดยเฉพาะ ลดเวลารอในการรับหรือคืนรถเช่า
More agents during peak hours,0,ตัวแทนเพิ่มมากขึ้นในช่วงชั่วโมงเร่งด่วน
Most windows were closed.,0,หน้าต่างส่วนใหญ่ถูกปิด
the agent obviously hates their job more than I hate mine and that surprises me,0,เห็นได้ชัดว่าตัวแทนเกลียดงานของพวกเขามากกว่าที่ฉันเกลียดของฉัน และนั่นทำให้ฉันประหลาดใจ
"We had an issue with our last vacation car rental.  Instead of crediting the rental amount, the company issued a certificate for one free day (could have been 2, I don't exactly remember).  I would have rather had the credit for our current rental.",0,เรามีปัญหากับการเช่ารถในช่วงวันหยุดครั้งล่าสุด แทนที่จะให้เครดิตตามจำนวนค่าเช่า บริษัทออกใบรับรองให้ฟรีหนึ่งวัน (อาจเป็น 2 วันก็ได้ ฉันจำไม่ได้แน่ชัด) ฉันอยากจะมีเครดิตสำหรับค่าเช่าปัจจุบันของเรามากกว่า
long lines waiting for the rental pick.,0,ต่อแถวยาวเพื่อรอรับการเช่า
"needed: shorter lines & cleaner cars, friendlier reps",0,"จำเป็น: เส้นที่สั้นลง & รถที่สะอาดขึ้น, พนักงานที่เป็นมิตรมากขึ้น"
I expected customer service to recognize that I rent from their company every single day. I expect some difference for this loyalty.,0,ฉันคาดหวังว่าฝ่ายบริการลูกค้าจะรับรู้ว่าฉันเช่าจากบริษัทของพวกเขาทุกวัน ฉันคาดหวังความแตกต่างสำหรับความภักดีนี้
"The person who assisted me was not very friendly and didn't like to give the details I was asking for (gas refill packages, insurance, etc.).",0,คนที่ช่วยเหลือฉันไม่เป็นมิตรมากและไม่ชอบให้รายละเอียดที่ฉันขอ (แพ็คเกจเติมน้ำมัน ประกัน ฯลฯ)
long lines waiting for the rental pick.,0,ต่อแถวยาวเพื่อรอรับการเช่า
It was absolutely ATROCIOUS! My wife and I were in a foreign country  when we realized that our car had an expired license plate and expired proof of insurance!,0,มันช่างเลวร้ายจริงๆ! ฉันและภรรยาอยู่ต่างประเทศเมื่อเราพบว่ารถของเรามีป้ายทะเบียนหมดอายุและหลักฐานการประกันหมดอายุ!
"Customer service was hopeless. They care less about your having reserved a certain car, but they are quick to upgrade you to a better one when you start causing a fuss. It would be nicer if no fuss was required and you got upgraded by default.",0,การบริการลูกค้าสิ้นหวัง พวกเขาไม่สนใจว่าคุณจองรถไว้สักคัน แต่พวกเขาจะอัพเกรดรถให้ดีขึ้นอย่างรวดเร็วเมื่อคุณเริ่มก่อเรื่องวุ่นวาย คงจะดีกว่านี้ถ้าไม่ต้องยุ่งยากและคุณได้รับการอัพเกรดตามค่าเริ่มต้น
"it seems that they never have the class of car that I ordered.  also, the last time I got there earlier than I thought and they wouldn't let me have the car until the time that I had requested it because their computer wouldn't allow it.",0,ดูเหมือนว่าพวกเขาไม่เคยมีรถคลาสที่ฉันสั่งเลย และครั้งสุดท้ายที่ผมไปถึงเร็วกว่าที่คิด และพวกเขาก็ไม่ยอมให้ผมมีรถจนกว่าจะถึงเวลาที่ผมขอ เพราะคอมพิวเตอร์ของพวกเขาไม่อนุญาต
"The better the Customer service, the more likely it will be for me to rent from that company again  they should learn from this",0,ยิ่งบริการลูกค้าดีเท่าไร ฉันก็ยิ่งมีแนวโน้มมากขึ้นที่จะเช่าจากบริษัทนั้นอีกครั้งที่พวกเขาควรเรียนรู้จากสิ่งนี้
It was not as bad as it usually is.,1,มันก็ไม่ได้แย่เหมือนปกติ
slow and stupid,0,ช้าและโง่
"The customer service agent was helpful, but I find that providing all of the information to the agent takes too long.  It would be nice if I could provide all of the information to the agent prior to coming the rental place.",0,ตัวแทนฝ่ายบริการลูกค้าให้ความช่วยเหลือดี แต่ฉันพบว่าการให้ข้อมูลทั้งหมดแก่ตัวแทนใช้เวลานานเกินไป คงจะดีไม่น้อยหากฉันสามารถให้ข้อมูลทั้งหมดแก่ตัวแทนก่อนมาถึงสถานที่เช่าได้
Customer Service at Alamo was RUDE. We waited in line for over an hour to get our car. Car was bad. Had to change it few days later. Another family traveling with us was upgraded to a larger car as they were out of the type of car booked.,0,การบริการลูกค้าที่ Alamo นั้นหยาบคาย เรารอคิวนานกว่าหนึ่งชั่วโมงเพื่อรับรถ รถก็แย่. ต้องเปลี่ยนมันไม่กี่วันต่อมา ครอบครัวอีกครอบครัวที่เดินทางมากับเราได้รับการอัปเกรดเป็นรถที่ใหญ่กว่าเนื่องจากไม่ใช่รถประเภทที่จองไว้
Customer is important for the enjoyment of the car.  If it's a bad experience we won't return to that company if we can avoid it - they should remember abotut this,0,ลูกค้าคือคนสำคัญต่อความเพลิดเพลินของรถ หากเป็นประสบการณ์ที่ไม่ดี เราจะไม่กลับไปที่บริษัทนั้นหากเราสามารถหลีกเลี่ยงได้ - พวกเขาควรจำไว้เกี่ยวกับเรื่องนี้
"last time I rented a car was at Manchester, NH airport and they do not have office there anymore",0,ครั้งสุดท้ายที่ฉันเช่ารถคือที่สนามบินแมนเชสเตอร์ รัฐนิวแฮมป์เชียร์ และพวกเขาไม่มีสำนักงานที่นั่นอีกต่อไป
Waiting line is too long.  They need to speed up the process.,0,สายการรอยาวเกินไป พวกเขาจำเป็นต้องเร่งกระบวนการให้เร็วขึ้น
"Customer service agent stated she did not have reserved model available and I would have to pay for upgrade to other model. I refused, and then received upgraded model at no charge.",0,ตัวแทนฝ่ายบริการลูกค้าระบุว่าเธอไม่มีรุ่นที่จองไว้ และฉันจะต้องชำระค่าอัปเกรดเป็นรุ่นอื่น ฉันปฏิเสธ และได้รับโมเดลที่อัปเกรดแล้วโดยไม่มีค่าใช้จ่าย
"Penalties for smoking in non-smoking cars should be more severe, and include decapitation.  Customer service was not receptive.",0,บทลงโทษสำหรับการสูบบุหรี่ในรถยนต์ที่ไม่สูบบุหรี่ควรรุนแรงกว่านี้และรวมถึงการถูกตัดหัวด้วย การบริการลูกค้าไม่เปิดกว้าง
My main concern was that the price quoted on the internet was not the price that I was invoiced.   I had to call the provider and straighten it out but it took time and was a hassle.,0,ข้อกังวลหลักของฉันคือราคาที่เสนอบนอินเทอร์เน็ตไม่ใช่ราคาที่ฉันได้รับใบแจ้งหนี้ ฉันต้องโทรหาผู้ให้บริการและแก้ไขปัญหาให้ตรง แต่ต้องใช้เวลาและยุ่งยากมาก
"the better the customer service, the sooner the vacation starts",0,ยิ่งบริการลูกค้าได้ดีเท่าไร วันหยุดก็จะยิ่งเร็วขึ้นเท่านั้น
Customer service is horrible. I reserved through on-line which did not indicate/state I had to provide proof of insurance during pickup. The manager denied the reservation and after long and rude argument he finally gave in.,0,การบริการลูกค้าแย่มาก ฉันจองผ่านออนไลน์ซึ่งไม่ได้ระบุ/ระบุว่าฉันต้องแสดงหลักฐานการประกันระหว่างการรับสินค้า ผู้จัดการปฏิเสธการจอง และหลังจากการโต้เถียงที่หยาบคายและยาวนานในที่สุดเขาก็ยอมจำนน
"Slow, long lineup",0,ช้าและยาว
"My last car rental was in Costa Rica.  There was lots of red tape associated with renting the car, it took almost an hour.  I don't usually experience that type of problem in the US.",0,รถเช่าครั้งสุดท้ายของฉันอยู่ที่คอสตาริกา มีเทปสีแดงมากมายเกี่ยวกับการเช่ารถ ซึ่งใช้เวลาเกือบหนึ่งชั่วโมง ปกติแล้วฉันจะไม่ประสบปัญหาประเภทนี้ในสหรัฐอเมริกา
Everyone was very helpful.  The car was ready for me on time and I didn't have to wait a long time at the counter.,1,ทุกคนช่วยเหลือดีมาก รถก็พร้อมสำหรับฉันตรงเวลาและไม่ต้องรอที่เคาน์เตอร์เป็นเวลานาน
They moved me in and out quickly. The shuttle driver drove like a maniac.,1,พวกเขาย้ายฉันเข้าออกอย่างรวดเร็ว คนขับรถรับส่งขับรถเหมือนคนบ้า
"We needed a minivan on very short notice to drive out of town to a funeral.  Enterprise staff worked hard to find us one, and they did. We smashed the car into a parking garage pole.  Since we had purchased the comprehensive insurance we didn't have to go through all of the B.S.",1,เราต้องการรถมินิแวนโดยแจ้งล่วงหน้าสั้นมากเพื่อขับรถออกนอกเมืองไปร่วมงานศพ พนักงานขององค์กรทำงานอย่างหนักเพื่อหาเรา และพวกเขาก็ทำสำเร็จ เราชนรถเข้ากับเสาโรงจอดรถ เนื่องจากเราได้ซื้อประกันภัยแบบครอบคลุมแล้ว เราจึงไม่จำเป็นต้องผ่านหลักสูตร B.S. ทั้งหมด
The representatives were helpful and considerate,1,ตัวแทนก็ให้ความช่วยเหลือและมีน้ำใจ
"Customer service was average.  They did not go above and beyond.  They did, however, do more than the minimum.",1,การบริการลูกค้าอยู่ในระดับปานกลาง พวกเขาไม่ได้ก้าวไปไกลกว่านั้น อย่างไรก็ตาม พวกเขาทำมากกว่าขั้นต่ำสุด
Everything was great.  The line was a little long to get the car but it was a good experience.,1,ทุกอย่างดีมาก เส้นยาวนิดหน่อยในการรับรถ แต่มันก็เป็นประสบการณ์ที่ดี
not applicable,1,ไม่สามารถใช้ได้
they were trying to satisfy me even though my wife tells me I was being rude,1,พวกเขาพยายามทำให้ฉันพอใจแม้ว่าภรรยาจะบอกฉันว่าฉันหยาบคายก็ตาม
friendly people,1,ผู้คนที่เป็นมิตร
They provided the best service thus far. They are very friendly and helpful. I have rented from other companies before both cheaper and more expensive.,1,พวกเขาให้บริการที่ดีที่สุดจนถึงตอนนี้ พวกเขาเป็นมิตรและช่วยเหลือดีมาก ผมเคยเช่าจากบริษัทอื่นมาก่อนทั้งถูกและแพงกว่า
"We had a small problem with the size of car we reserved being available. The company was able to send another car over from a different location. We were delayed in getting on the road, but were satisfied with the car.",1,เราประสบปัญหาเล็กน้อยกับขนาดของรถที่เราจองไว้ว่าง บริษัทสามารถส่งรถคันอื่นมาจากสถานที่อื่นได้ เราเดินทางล่าช้า แต่ก็พอใจกับรถ
None I  rarely rent cars,1,ไม่มี ฉันไม่ค่อยเช่ารถ
they were extremely helpful and did whatever they could to help us.,1,พวกเขาให้ความช่วยเหลือดีมากและทำทุกอย่างเท่าที่ทำได้เพื่อช่วยเรา
the service at the airport was very convenient.  no lines at the service desk.,1,การบริการที่สนามบินสะดวกมาก ไม่มีสายที่ส่วนให้บริการ
long lines moved quickly,1,เส้นยาวเคลื่อนตัวอย่างรวดเร็ว
They had the class of car that I ordered.,1,พวกเขามีรถคลาสที่ฉันสั่ง
"Anywhere you go you will find good customer service and bad customer service.  Since I have rented so many cars, there have been too many experiences to recall so I can't say anything definitely bad",1,ทุกที่ที่คุณไปคุณจะพบกับการบริการลูกค้าที่ดีและการบริการลูกค้าที่ไม่ดี เนื่องจากฉันเช่ารถมาหลายคัน มีประสบการณ์มากมายเกินกว่าจะจำได้ ดังนั้นฉันจึงไม่สามารถพูดอะไรที่ไม่ดีได้อย่างแน่นอน
No complaints.,1,ไม่มีการร้องเรียน
very limited (which is good).  quickly received car.,1,มีจำกัดมาก (ซึ่งก็ดี) ได้รับรถอย่างรวดเร็ว
they were fast and friendly.,1,พวกเขารวดเร็วและเป็นมิตร
"I never had to deal with customer service. The bus dropped me off at my car, when I returned the car, I had my receipt at that moment. I then got on the bus and left. Never having to wait in a line for customer service.",1,ฉันไม่เคยต้องจัดการกับการบริการลูกค้า รถบัสไปส่งฉันที่รถ พอคืนรถ ฉันก็ได้รับใบเสร็จรับเงินทันที จากนั้นฉันก็ขึ้นรถบัสและออกไป ไม่ต้องรอคิวบริการลูกค้า
"Very nice, free upgrade",1,สวยมาก อัพเกรดฟรีเลย
Customer service was extremely helpful.  They knew I was visiting my 91 year old mother and upgraded at no cost to a car that would be more comfortable for her.,1,การบริการลูกค้ามีประโยชน์อย่างมาก พวกเขารู้ว่าฉันกำลังไปเยี่ยมคุณแม่วัย 91 ปี และอัพเกรดเป็นรถที่สะดวกสบายสำหรับเธอโดยไม่มีค่าใช้จ่าย
"Well since I used to work for a car rental company and at the time I rented I was still working with the company, I was treated with nothing but respect and received a free upgrade as well.",1,คือตั้งแต่ผมเคยทำงานบริษัทรถเช่าและตอนที่ผมเช่าผมยังทำงานกับบริษัทอยู่ ผมได้รับการปฏิบัติอย่างให้เกียรติและได้รับการอัพเกรดฟรีด้วย
Its nice when you get in your car and it has already been started up with the A/C or heating going.,1,เป็นเรื่องดีเมื่อคุณเข้าไปในรถ และมันก็สตาร์ทแล้วโดยที่ระบบปรับอากาศหรือระบบทำความร้อนกำลังทำงานอยู่
"Very good. willing to drop me off and pick me up from location, upgraded me to higher level due to availability",1,ดีมาก. ยินดีที่จะส่งฉันและรับฉันจากที่ตั้ง อัปเกรดฉันเป็นระดับที่สูงขึ้นเนื่องจากความพร้อม
"It would be nice if they included maps to the airport drop off with the car, last time we got lost returning the car and almost missed the flight.  There was nothing on the exit that indicated rental returns.  Actually the one I really liked, was when we",0,คงจะดีไม่น้อยหากรวมแผนที่ไปส่งที่สนามบินด้วย ครั้งสุดท้ายที่เราหลงทางในการคืนรถและเกือบพลาดเที่ยวบิน ไม่มีอะไรที่ทางออกที่ระบุผลตอบแทนการเช่า จริงๆ ที่ชอบที่สุดคือตอนที่เรา
The car should have been brought to us instead of us trying to find it in the lot.,0,น่าจะนำรถมาให้เราแทนที่จะพยายามหาในล็อต
"no wait for pick up and drop off was great, help with luggage, face to face directions to hotel, recommended entertainment for area.",1,ไม่ต้องรอรับและส่งดีมาก ช่วยเรื่องกระเป๋าเดินทาง การบอกทางแบบตัวต่อตัวไปยังโรงแรม ความบันเทิงที่แนะนำสำหรับพื้นที่
They offered detailed directions.,1,พวกเขาเสนอแนวทางโดยละเอียด
Please back to lower the prices.,0,กรุณากลับมาลดราคาอีกครั้ง
Even economy class cars are too expensive.,0,แม้แต่รถยนต์ชั้นประหยัดก็มีราคาแพงเกินไป
I was penalty charged because vehicle was not returned with full tank.,0,โดนลงโทษเพราะไม่ได้คืนรถพร้อมน้ำมันเต็มถัง
"My experience up to date was  good.  It was inconvenient to return car clean, but I had to pay the hefty charge for rental.",1,ประสบการณ์ของฉันจนถึงตอนนี้ก็ดี ไม่สะดวกที่จะคืนรถ แต่ต้องเสียค่าเช่าแพงๆ
Please stop increasing the prices.,0,กรุณาหยุดขึ้นราคา.
price TOO HIGH and off premise location is NOT convenient.,0,ราคาสูงเกินไปและทำเลนอกสถานที่ไม่สะดวก
I do not  understand why I have to pay additional fee if vehicle is returned without a full tank.,0,ฉันไม่เข้าใจว่าทำไมฉันต้องจ่ายค่าธรรมเนียมเพิ่มเติมหากส่งคืนรถโดยไม่มีน้ำมันเต็มถัง
"My experience was positive .The thing I didnt like was returning the car with full tank.  It was time consuming, but I didn't want to pay fill-up charge to the rental company.",1,ประสบการณ์ของฉันเป็นบวก สิ่งที่ฉันไม่ชอบคือการคืนรถพร้อมน้ำมันเต็มถัง ใช้เวลานาน แต่ฉันไม่ต้องการจ่ายค่าเติมให้กับบริษัทให้เช่า
Please lower the prices.,0,กรุณาลดราคาลง.
price too high and location off premise too far,0,ราคาสูงเกินไปและทำเลอยู่นอกสถานที่ไกลเกินไป
outlining the cost of gas per gallon charged if vehicle was returned without full tank,0,สรุปต้นทุนน้ำมันต่อแกลลอนที่เรียกเก็บหากส่งคืนรถยนต์โดยไม่มีน้ำมันเต็มถัง
"My last experience was  seamless.  The only thing I didn't like was having to fill the tank with gas before turning it in.  It was inconvenient, but I didn't want to pay the hefty fill-up charge to the rental company.",1,ประสบการณ์ครั้งสุดท้ายของฉันราบรื่น สิ่งเดียวที่ฉันไม่ชอบคือการต้องเติมน้ำมันเต็มถังก่อนคืนรถ มันไม่สะดวก แต่ฉันไม่อยากจ่ายค่าเติมแพงๆ ให้กับบริษัทให้เช่า
Excellent response dealing with child seat.,1,การตอบสนองที่ยอดเยี่ยมเกี่ยวกับเบาะนั่งสำหรับเด็ก
There was still a live person however we arrived very late.  We had no problems with car return.,1,ยังมีคนอยู่ แต่เรามาถึงช้ามาก เราไม่มีปัญหาเรื่องการคืนรถ
Service was incredibly fast. Car was parked in area close to rental office.,1,การบริการรวดเร็วอย่างไม่น่าเชื่อ รถจอดอยู่ในบริเวณใกล้กับสำนักงานให้เช่า
"I reserved the car over internet,, and had no problems with pick-up of the vehicle.",1,ฉันจองรถผ่านอินเทอร์เน็ต และไม่มีปัญหาในการรับรถ
VERY slow service!,0,บริการช้ามาก!
Did not have some problems. My car was not ready on time.,0,ไม่มีปัญหาบางอย่าง รถของฉันไม่พร้อมตรงเวลา
"all went quite without hassle, they picked me up to get the car it was great.",1,ทุกอย่างดำเนินไปอย่างไม่ยุ่งยาก พวกเขามารับฉันเพื่อรับรถมันเยี่ยมมาก
"I was happy that we arrived very late and there was still a live person to help us get our rental.  We had no problems with the car, and returned it easily.",1,ฉันดีใจมากที่เรามาถึงช้ามากและยังมีคนช่วยเราเช่าที่พักอยู่ เราไม่มีปัญหากับรถและคืนรถได้อย่างง่ายดาย
Service was fast. Car was parked close-by.,1,การบริการรวดเร็ว รถก็จอดอยู่ใกล้ๆ
"I rented over the internet, and there were no problems with the reservation or pick-up of the vehicle.",1,ฉันเช่าผ่านอินเทอร์เน็ต และไม่มีปัญหาในการจองหรือรับรถ
fast service,1,บริการที่รวดเร็ว
Did not have any problems. My car was ready on time and it was the one I had asked for.,1,ไม่มีปัญหาใดๆ รถของฉันพร้อมตรงเวลาและเป็นคันที่ฉันขอ
"all went quite smoothly... it was Enterprise, so they even picked me up to get the car... it was very convenient.",1,ทุกอย่างเป็นไปอย่างราบรื่น...เป็น Enterprise เลยมารับรถด้วย...สะดวกมาก
"I would like the personnel to pretend they care about customer, at least.",0,ฉันอยากให้พนักงานแกล้งทำเป็นว่าพวกเขาใส่ใจลูกค้าเป็นอย่างน้อย
Do not try sell what I do not need.,0,อย่าพยายามขายสิ่งที่ฉันไม่ต้องการ
Agents always want me to take extra insurance but this time they insisted too much.,0,ตัวแทนมักต้องการให้ฉันทำประกันเพิ่ม แต่คราวนี้พวกเขายืนกรานมากเกินไป
The rental car person was impertinent.,1,ผู้เช่ารถไม่มีความเกี่ยวข้อง
Guys were extremely nice.,1,พวกคุณเป็นคนดีมาก
They could really try work harder.,0,พวกเขาสามารถพยายามทำงานหนักขึ้นได้จริงๆ
"Based on the customer service personnel I encountered most recently, I would say it is vastly preferable for the personnel to be able to at least pretend to care whether the customer ever actually receives a car rental that was reserved months in advance.",0,จากเจ้าหน้าที่บริการลูกค้าที่ฉันพบเมื่อเร็วๆ นี้ ฉันจะบอกว่าจะดีกว่ามากสำหรับบุคลากรที่อย่างน้อยแกล้งทำเป็นสนใจว่าลูกค้าจะได้รับรถเช่าที่จองไว้ล่วงหน้าหลายเดือนหรือไม่
they should not try so hard to up sell,0,พวกเขาไม่ควรพยายามอย่างหนักในการขาย
"Agents usually try to get you to take insurance and pay for full tank of gas.  Some persist even after a ""no thanks.""  Even after noting preferences on my frequent user file that says I don't want them.",0,"เจ้าหน้าที่มักจะพยายามให้คุณทำประกันและชำระค่าน้ำมันเต็มถัง บางคนยังคงมีอยู่แม้หลังจาก ""ไม่ ขอบคุณ"" แม้ว่าฉันจะสังเกตเห็นการตั้งค่าในไฟล์ผู้ใช้ประจำของฉันที่ระบุว่าฉันไม่ต้องการมันก็ตาม"
The rental car guy was cute.,1,คนเช่ารถก็น่ารัก
For the most part they are very nice.,1,ส่วนใหญ่พวกเขาจะดีมาก
"I guess it really DOES ""try harder.""",1,"ฉันเดาว่ามัน ""พยายามให้มากขึ้น"" จริงๆ"
what customer service? It was a nightmare,0,บริการลูกค้าอะไร? มันเป็นฝันร้าย
"""sorely lacking""  helpdesk was not much helpfull",0,"โปรแกรมช่วยเหลือ ""ขาดอย่างมาก"" ไม่ได้ช่วยอะไรมากนัก"
"It took quite a long time, about 45 minutes to an hour.  Several attendants but the line was about 20-25 deep.  Check out was very quick.  A minute or two was all.  Overall a pretty good experience.",0,ใช้เวลาค่อนข้างนาน ประมาณ 45 นาทีถึงหนึ่งชั่วโมง มีคนมาหลายคนแต่แถวลึกประมาณ 20-25 คน เช็คเอาท์รวดเร็วมาก หนึ่งหรือสองนาทีก็หมด โดยรวมแล้วเป็นประสบการณ์ที่ดีทีเดียว
they could not provide driving directions,0,พวกเขาไม่สามารถบอกเส้นทางการขับขี่ได้
"friendly, but could not making any decisions on own",0,เป็นมิตรแต่ไม่สามารถตัดสินใจได้ด้วยตัวเอง
They forgot to ask for my driver's license.,0,พวกเขาลืมขอใบขับขี่ของฉัน
"States have different rules and regulations pertaining to speed, radar detectors, even when light should be on.  Customer services reps should have a handout or be knowledgeable of a particular state's laws.",0,รัฐมีกฎและข้อบังคับที่แตกต่างกันเกี่ยวกับความเร็ว เครื่องตรวจจับเรดาร์ แม้ว่าจะต้องเปิดไฟก็ตาม ตัวแทนฝ่ายบริการลูกค้าควรมีเอกสารแจกหรือมีความรู้เกี่ยวกับกฎหมายของรัฐนั้นๆ
Customer service was fine.  We didn't care for the off site location.  Would not use that car rental company at that airport again.,0,การบริการลูกค้าก็ดี เราไม่สนใจสถานที่นอกสถานที่ จะไม่ใช้บริการบริษัทเช่ารถแห่งนั้นที่สนามบินนั้นอีก
"The rental clerk was nice, but I swear she was deaf.  We had to repeat everything twice and although we had a reservation she treated us like a walk in, so that all the information that we gave to reserve the car we had to repeat all over again.",0,พนักงานเช่าเป็นคนดี แต่ฉันสาบานว่าเธอหูหนวก เราต้องทำซ้ำทุกอย่างสองครั้งและถึงแม้เราจะจองไว้เธอก็ทำกับเราเหมือนเดินเข้ามาดังนั้นข้อมูลทั้งหมดที่เราให้ไว้เพื่อจองรถเราต้องทำซ้ำอีกครั้ง
the rep was friendly but it was so loud in there that I could not hear what she was saying. I HATE having to walk across a big lot with all of my bags in search of my car which is always in the furthest corner.,0,ตัวแทนเป็นมิตรแต่เสียงดังมากจนฉันไม่ได้ยินสิ่งที่เธอพูด ฉันเกลียดที่ต้องเดินข้ามทุ่งใหญ่พร้อมกระเป๋าทั้งหมดเพื่อค้นหารถของฉันซึ่งมักจะอยู่ในมุมที่ไกลที่สุดเสมอ
They should upgrade me every time.,0,พวกเขาควรอัพเกรดฉันทุกครั้ง
"customer service was great until we returned the car.  I experienced an issue with damage to the car, and felt that things were left unanswered and still waiting for a response from them.",0,การบริการลูกค้าดีมากจนกระทั่งเราคืนรถ ฉันประสบปัญหาเกี่ยวกับความเสียหายของรถ และรู้สึกว่าสิ่งต่างๆ ยังไม่ได้รับคำตอบและยังคงรอการตอบกลับจากพวกเขาอยู่
Having knowledgeable personnel is very important,0,การมีบุคลากรที่มีความรู้เป็นสิ่งสำคัญมาก
"It was good, got the car we wanted without much of a wait in picking up and dropping off",1,เป็นเรื่องดีได้รถที่เราต้องการโดยไม่ต้องรอรับและส่งมากนัก
adequate to the price. It was fine,1,เหมาะสมกับราคา มันสบายดี
Person very friendly but only person working counter,1,คนที่เป็นมิตรมาก แต่เป็นคนที่ทำงานเคาน์เตอร์เท่านั้น
"They provided good service.   It was easy to make on-line reservations, the airport bus took me directly and quickly to the car, gas tank filled, customer service friendly and helped with directions and luggage.",1,พวกเขาให้บริการที่ดี การจองทางออนไลน์เป็นเรื่องง่าย รถบัสสนามบินพาฉันไปที่รถโดยตรงและรวดเร็ว ถังน้ำมันเต็มถัง การบริการลูกค้าที่เป็นมิตร และช่วยแนะนำเส้นทางและสัมภาระ
The car rental company that I went with had very good customer service. They were out of a certain car I reserved and gave me a upgrade and apologized.,1,บริษัทรถเช่าที่ฉันไปด้วยนั้นบริการลูกค้าได้ดีมาก พวกเขาออกจากรถที่ฉันจองไว้และอัพเกรดให้ฉันและขอโทษ
"Experience was fine, usually try to get you to upgrade.",1,ประสบการณ์ก็ดี โดยปกติแล้วจะพยายามให้คุณอัปเกรด
good,1,ดี
Customer Service was fine. They were able to upgrade me for $2 a day to the next class...that was nice.,1,การบริการลูกค้าก็ดี พวกเขาสามารถอัพเกรดชั้นเรียนถัดไปให้ฉันได้ในราคา $2 ต่อวัน...นั่นเป็นสิ่งที่ดี
They were helpful and accommodating when I wanted to change the color of the car.,1,พวกเขาให้ความช่วยเหลือและอำนวยความสะดวกเมื่อฉันต้องการเปลี่ยนสีรถ
The customer service was excellent,1,การบริการลูกค้าเป็นเลิศ
Experience was fine,1,ประสบการณ์ก็ดี
"Have not rented a car since last October.  Customer Service was good, shuttle service was available to and from airport.  Scheduled pickup was on time and they even found a package we had left in the car and brought it to the shuttle.",1,ยังไม่ได้เช่ารถตั้งแต่เดือนตุลาคมปีที่แล้ว บริการลูกค้าได้ดี มีบริการรถรับส่งไปและกลับจากสนามบิน การมารับตามกำหนดเวลานั้นตรงเวลาและพวกเขาก็พบพัสดุที่เราทิ้งไว้ในรถและนำไปที่รถรับส่งด้วย
it was a great experience,1,มันเป็นประสบการณ์ที่ดี
No problems encountered,1,ไม่พบปัญหาใดๆ
Very satisfactory. Employees were very helpful in providing directions.,1,น่าพอใจมาก พนักงานให้ความช่วยเหลือดีมากในการให้คำแนะนำ
Customer Service was quick and friendly.  I received my car with little hassles.,1,การบริการลูกค้ารวดเร็วและเป็นกันเอง ฉันได้รับรถด้วยความยุ่งยากเล็กน้อย
Customer service was good at MSP airport and the process was very fast.  From getting off of the plane to leaving with my rental car was less than 45 minutes.,1,การบริการลูกค้าทำได้ดีที่สนามบิน MSP และกระบวนการก็รวดเร็วมาก ตั้งแต่ลงเครื่องจนถึงออกรถก็ใช้เวลาไม่ถึง 45 นาที
no complaints,1,ไม่มีการร้องเรียน
Friendly and very well informed,1,เป็นกันเองและให้ข้อมูลดีมาก
It was fine,1,มันสบายดี
"Employees had nice, new uniforms.",1,พนักงานมีเครื่องแบบใหม่และสวยงาม
"customer service was very good and very professional, energetic",1,การบริการลูกค้าดีมากและเป็นมืออาชีพและกระตือรือร้นมาก
customer service was OK,1,การบริการลูกค้าก็โอเค
"Customer service was great, but I wish they had searched the car when I returned it.  I left my Palm Pilot in the backseat for 2 days before I noticed it was missing!  Fortunately the car was still in the lot when I called and they were able to ship it to me.",1,การบริการลูกค้าดีมาก แต่ฉันหวังว่าพวกเขาจะตรวจค้นรถเมื่อฉันส่งคืน ฉันทิ้ง Palm Pilot ไว้ที่เบาะหลังเป็นเวลา 2 วันก่อนที่จะสังเกตเห็นว่ามันหายไป! โชคดีที่รถยังอยู่ในลานจอดรถตอนที่ฉันโทรไป และพวกเขาก็จัดส่งให้ฉันได้
they were fine.,1,พวกเขาสบายดี
they were very nice and willing to help in any way they could,1,พวกเขาใจดีมากและเต็มใจช่วยเหลือทุกวิถีทางที่ทำได้
"it was fine, I had no problem at all.",1,ไม่เป็นไร ฉันไม่มีปัญหาเลย
They were very good and took care of what I needed. Very quick.,1,พวกเขาดีมากและดูแลสิ่งที่ฉันต้องการ เร็วมาก.
The customer service people were very nice.  During my vacation I locked my keys in the car.  The rental company sent someone out with a new set of keys to unlock the car.,1,คนบริการลูกค้าก็น่ารักมาก ในช่วงวันหยุดของฉัน ฉันล็อคกุญแจไว้ในรถ บริษัทให้เช่าส่งคนออกไปพร้อมกับกุญแจชุดใหม่เพื่อปลดล็อครถ
Everything went fine.  Folks were friendly and informed.,1,ทุกอย่างเป็นไปด้วยดี ผู้คนเป็นมิตรและให้ข้อมูล
"It was okay, we got the car quickly, which is the most important thing",1,ไม่เป็นไรเราได้รถเร็วซึ่งเป็นสิ่งสำคัญที่สุด
No suggestions.  Customer Service was good.,1,ไม่มีข้อเสนอแนะ การบริการลูกค้าเป็นสิ่งที่ดี
Customer service was outstanding. Got a free upgrade without even asking. Everyone was very courteous and friendly.,1,การบริการลูกค้าที่โดดเด่น ได้รับการอัปเกรดฟรีโดยไม่ต้องถาม ทุกคนสุภาพและเป็นมิตรมาก
Everyone was very friendly. They even drove us to the airport since we were running late for our flight.,1,ทุกคนเป็นมิตรมาก พวกเขาขับรถพาเราไปสนามบินด้วยเพราะเราขึ้นเครื่องสาย
All the people I dealt with were pleasant and helpful.,1,ทุกคนที่ฉันติดต่อด้วยมีน้ำใจและช่วยเหลือดี
they were very nice,1,พวกเขาเป็นคนดีมาก
Everything was fine with my last car rental.,1,ทุกอย่างเรียบร้อยดีกับการเช่ารถครั้งสุดท้ายของฉัน
"It was a good experience, received an upgrade at no charge.",1,เป็นประสบการณ์ที่ดี ได้รับการอัปเกรดโดยไม่มีค่าใช้จ่าย
they were friendly,1,พวกเขาเป็นมิตร
We did not have any trouble with customer service. No complaints.,1,เราไม่มีปัญหากับการบริการลูกค้า ไม่มีการร้องเรียน
They were friendly and helpful enough.,1,พวกเขาเป็นมิตรและช่วยเหลือดีพอ
My last rental experience for leisure was fine -- no service issues to speak of.,1,ประสบการณ์การเช่าครั้งล่าสุดของฉันเพื่อการพักผ่อนก็ดี -- ไม่มีปัญหาด้านการบริการให้พูดถึง
service was excellent,1,การบริการเป็นเลิศ
No problems,1,ไม่มีปัญหา
customer service was OK,1,การบริการลูกค้าก็โอเค
People were nice.  Service was fast.,1,ผู้คนก็ดี การบริการรวดเร็ว
"Customer Service is great since you don't have to deal with any people, per se.  The car is ready and waiting for you and the shuttle just drops you off to it.",1,การบริการลูกค้าเป็นสิ่งที่ดีเนื่องจากคุณไม่จำเป็นต้องติดต่อกับใครเลย รถพร้อมและรอคุณอยู่ และรถรับส่งก็จะไปส่งคุณถึงที่
Good experience with all the rental co.'s I contacted. I Just called with rental dates and received pricing and selected rental co.,1,ประสบการณ์ที่ดีกับบริษัทเช่าทั้งหมดที่ฉันติดต่อไป ฉันเพิ่งโทรไปพร้อมวันที่เช่าและรับราคาและเลือกบริษัทเช่า
No problems,1,ไม่มีปัญหา
Customer service was fine,1,การบริการลูกค้าก็ดี
Customer service went out of their way to provide a car that would fit our needs,1,การบริการลูกค้าพยายามอย่างเต็มที่เพื่อจัดหารถยนต์ที่เหมาะกับความต้องการของเรา
"Our customer service representative was polite and well-dressed. He smiled appropriately and answered my questions, not from a rehearsed script, but from his own frame of reference. He shirt was neatly pressed and his hair was professionally coifed.",1,ตัวแทนฝ่ายบริการลูกค้าของเราสุภาพและแต่งตัวดี เขายิ้มอย่างเหมาะสมและตอบคำถามของฉัน ไม่ใช่จากบทซ้อม แต่จากกรอบการอ้างอิงของเขาเอง เขารีดเสื้อเชิ้ตของเขาอย่างเรียบร้อย และผมของเขาถูกมัดอย่างมืออาชีพ
"They were actually very nice. It was in Rome and there was a language barrier, but we overcame it.",1,พวกเขาเป็นคนดีมากจริงๆ มันอยู่ในโรมและมีอุปสรรคด้านภาษา แต่เราเอาชนะมันได้
The woman at the counter was friendly and tried to accommodate me as best she could. The counter was close to the terminal and the whole thing was quick and expedient.,1,ผู้หญิงที่เคาน์เตอร์เป็นมิตรและพยายามอำนวยความสะดวกให้ฉันอย่างดีที่สุดเท่าที่จะทำได้ เคาน์เตอร์อยู่ใกล้กับอาคารผู้โดยสารและทุกอย่างก็รวดเร็วและสะดวก
Customer service was friendly and helpful.,1,การบริการลูกค้าเป็นกันเองและช่วยเหลือดี
They were competent.,1,พวกเขามีความสามารถ
"very friendly, brought the car to the hotel",1,เป็นกันเองมากนำรถไปที่โรงแรม
The customer service was very friendly and knowledgeable.  She suggested to upgrade to the SUV and it worked out much better for our trip.,1,การบริการลูกค้าเป็นกันเองและมีความรู้มาก เธอแนะนำให้อัพเกรดเป็น SUV และมันทำงานได้ดีขึ้นมากสำหรับการเดินทางของเรา
it was fine,1,มันสบายดี
Staff member was very pleasant. Provided map/directions to my hotel.,1,พนักงานก็น่าพอใจมาก ให้แผนที่/เส้นทางไปยังโรงแรมของฉัน
Customer service was fine,1,การบริการลูกค้าก็ดี
"The people were very nice.  Directions to and from our hotel, the rental company location and tourists attractions were given and they were happy to help us out.",1,ผู้คนก็ดีมาก มีการระบุเส้นทางไปและกลับจากโรงแรม ที่ตั้งของบริษัทให้เช่า และสถานที่ท่องเที่ยวสำหรับนักท่องเที่ยว และพวกเขายินดีช่วยเหลือเรา
Customer service was fine as I recall. No problems.,1,การบริการลูกค้าก็ดีอย่างที่ฉันจำได้ ไม่มีปัญหา.
It was very late at night and the customer service representative was very obliging and courteous.,1,ตอนดึกมากและตัวแทนฝ่ายบริการลูกค้าก็ใจดีและสุภาพมาก
it was fine.,1,มันสบายดี.
I had no problems with the service,1,ฉันไม่มีปัญหากับการบริการ
the line was slow but the agent was ok,1,สายช้าแต่เจ้าหน้าที่ก็โอเค
"They were great as far as I could tell, they explained what needed to be done to use the University pricing.",1,พวกเขายอดเยี่ยมมากเท่าที่ฉันสามารถบอกได้ พวกเขาอธิบายสิ่งที่ต้องทำเพื่อใช้ราคาของมหาวิทยาลัย
 The service was polite and professional. I was attended to quickly and courteously.,1,การบริการสุภาพและเป็นมืออาชีพ ฉันเข้าร่วมอย่างรวดเร็วและสุภาพ
Customer service was very good.,1,การบริการลูกค้าดีมาก
Customer service was very good,1,การบริการลูกค้าดีมาก
service was good.,1,การบริการดี
I would have to say that Enterprise car rental has the best customer service. They are very friendly and helpful.,1,ฉันต้องบอกว่ารถเช่า Enterprise มีการบริการลูกค้าที่ดีที่สุด พวกเขาเป็นมิตรและช่วยเหลือดีมาก
"The service I have is always good, I have used the same company for many years and I know the counter personnel personally.  It is always good to know that they are willing to help you in any situation. ",1,การบริการที่ฉันมีดีเสมอมา ฉันใช้บริการบริษัทเดียวกันมาหลายปีแล้ว และฉันก็รู้จักพนักงานเคาน์เตอร์เป็นการส่วนตัว เป็นเรื่องดีเสมอที่รู้ว่าพวกเขายินดีช่วยเหลือคุณในทุกสถานการณ์
"Last time I rented a car was when I went skiing with my whole family.  We got a Chevy Blazer.  We didn't think it was as large as a Ford Explorer, so we asked to switch.  The agent was very nice and gave us the Ford Explorer.",1,ครั้งสุดท้ายที่ฉันเช่ารถคือตอนที่ฉันไปเล่นสกีกับครอบครัว เรามีเชฟวี่เบลเซอร์ เราไม่คิดว่ามันใหญ่เท่ากับ Ford Explorer เราจึงขอเปลี่ยน เจ้าหน้าที่ใจดีมากและมอบ Ford Explorer ให้กับเรา
"I did everything on-line - never talked to an agent during booking.  There were no problems, even though I had to switch car sizes after initial reservation. Agent on duty for pick-up was courteous.",1,ฉันทำทุกอย่างทางออนไลน์ - ไม่เคยคุยกับตัวแทนระหว่างจองเลย ไม่มีปัญหาแม้ว่าฉันจะต้องเปลี่ยนขนาดรถหลังจากจองครั้งแรกแล้วก็ตาม ตัวแทนที่ปฏิบัติหน้าที่รับของมีความสุภาพ
I recently rented a car and they were outstanding.  The customer service rep was very helpful and courteous.  They even let me extend my rental by a couple of hours for no charge at all. I was very pleased with my experience and I would go back.,1,ฉันเพิ่งเช่ารถและพวกเขาก็โดดเด่นมาก ตัวแทนฝ่ายบริการลูกค้าให้ความช่วยเหลือดีและสุภาพมาก พวกเขายังให้ฉันขยายเวลาการเช่าอีกสองสามชั่วโมงโดยไม่มีค่าใช้จ่ายเลย ฉันพอใจมากกับประสบการณ์ของฉัน และฉันจะกลับไปอีก
Wonderful experience - the rental and whole process was seamless,1,ประสบการณ์ที่ยอดเยี่ยม - การเช่าและกระบวนการทั้งหมดราบรื่น
"They had problem to find reservation number, so whole process took too long time.",0,พวกเขามีปัญหาในการค้นหาหมายเลขการจอง ดังนั้นกระบวนการทั้งหมดจึงใช้เวลานานเกินไป
It took us almost three hours just to get a car! It was absurd.,0,เราใช้เวลาเกือบสามชั่วโมงกว่าจะได้รถ! มันไร้สาระ
Provide more convenient car pickup from the airport parking.,0,ให้บริการรับส่งรถจากลานจอดรถสนามบินสะดวกยิ่งขึ้น
"We dealt with customer service at car pick-up place, and drive off in few minutes.",1,เราจัดการกับการบริการลูกค้าที่จุดรับรถและขับรถออกไปภายในไม่กี่นาที
We got our car very quickly.,1,เราได้รถของเราเร็วมาก
"I get keys from customer service and was able to start my vacation,it was nice",1,ฉันได้รับกุญแจจากฝ่ายบริการลูกค้าและสามารถเริ่มต้นวันหยุดพักผ่อนได้ เป็นเรื่องดี
I have never rented the car for a week.  It was great experience. It was in agreement with what my friend said about this company.,1,ฉันไม่เคยเช่ารถเป็นเวลาหนึ่งสัปดาห์ มันเป็นประสบการณ์ที่ยอดเยี่ยม มันสอดคล้องกับสิ่งที่เพื่อนของฉันพูดเกี่ยวกับบริษัทนี้
greater expedience - the rental and whole process was easy and fast,1,สะดวกยิ่งขึ้น - การเช่าและกระบวนการทั้งหมดนั้นง่ายและรวดเร็ว
"They couldn't find my confirmation number in their system, which was rather frustrating.",0,พวกเขาไม่พบหมายเลขยืนยันของฉันในระบบ ซึ่งค่อนข้างน่าหงุดหงิด
The company was overwhelmed by the number of customers verse the number of available agents and they were not articulating their situation to the customers well enough. I think we waited for almost 3 hours just to get a rental car. It was ridiculous.,0,บริษัทมีล้นหลามด้วยจำนวนลูกค้าเทียบกับจำนวนตัวแทนที่มีอยู่ และพวกเขาไม่ได้แจ้งสถานการณ์ให้กับลูกค้าได้ดีเพียงพอ ฉันคิดว่าเรารอเกือบ 3 ชั่วโมงเพื่อที่จะได้รถเช่า มันไร้สาระ
Provide more frequent pickup from the airport.,0,ให้บริการรับส่งจากสนามบินบ่อยขึ้น
"We dealt very little with customer service, and we only walked to the car assigned for us, and drive away.",1,เราจัดการกับการบริการลูกค้าน้อยมาก และเราก็แค่เดินไปที่รถที่ได้รับมอบหมายให้เราแล้วขับออกไป
we got the car quickly,1,เราได้รถอย่างรวดเร็ว
I did not need to deal with customer service on my last vacation rental which was nice,1,ฉันไม่จำเป็นต้องจัดการกับฝ่ายบริการลูกค้าในการเช่าวันหยุดครั้งล่าสุดซึ่งเป็นสิ่งที่ดี
"For leisure/vacation, I have never personally rented the car.  I have always left that up to my significant other and she did not complain to use this company",1,เพื่อการพักผ่อน/วันหยุด ฉันไม่เคยเช่ารถเป็นการส่วนตัว ฉันปล่อยให้เรื่องนั้นขึ้นอยู่กับคนสำคัญของฉันเสมอ และเธอก็ไม่ได้บ่นว่าจะใช้บริษัทนี้
"I thought the representative handled the initial situation badly.  The company was out of cars, with none coming in that day.  Then the representative tried to find us a car at another franchise.  There they were successful.",0,ฉันคิดว่าตัวแทนจัดการกับสถานการณ์เบื้องต้นได้ไม่ดี บริษัทไม่มีรถเข้ามาเลยในวันนั้น จากนั้นตัวแทนก็พยายามหารถให้เราที่แฟรนไชส์อื่น ที่นั่นพวกเขาประสบความสำเร็จ
"I have had a few recent rentals that have taken a very very long time, with no offer of apology.  In the most recent case, the agent subsequently offered me a car type on an upgrade coupon and then told me it was no longer available because it had just be",0,ฉันมีห้องเช่าบางห้องเมื่อเร็วๆ นี้ซึ่งใช้เวลานานมาก โดยไม่มีข้อเสนอคำขอโทษใดๆ ในกรณีล่าสุด ตัวแทนได้เสนอประเภทรถให้ฉันด้วยคูปองอัปเกรด จากนั้นบอกฉันว่าไม่มีให้บริการแล้วเนื่องจากเพิ่งจะใช้งาน
car cost more because I didn't pay when I reserved it,0,ค่ารถแพงขึ้นเพราะไม่ได้จ่ายตอนที่จองไว้
I didn't get the car I was told would be available.  There were some hidden fees added on to the price I was quoted.,0,ฉันไม่ได้รับรถที่ฉันบอกว่าจะว่าง มีค่าธรรมเนียมซ่อนเร้นเพิ่มเติมจากราคาที่ฉันเสนอมา
If there was not a desired vehicle available the reps explored all options including competitors to assist in finding an available vehicle. This level of service brought me back not to their competitor but the company as this reflects on their overall quality.,1,หากไม่มียานพาหนะที่ต้องการ ตัวแทนจะสำรวจตัวเลือกทั้งหมดรวมถึงคู่แข่งเพื่อช่วยในการค้นหายานพาหนะที่พร้อมใช้งาน การบริการระดับนี้ไม่ได้ทำให้ฉันกลับมาหาคู่แข่งแต่รวมถึงบริษัทด้วย เนื่องจากสิ่งนี้สะท้อนถึงคุณภาพโดยรวมของพวกเขา
"Initially the representative handled the situation badly.  No car was available, even next day.  Then the rep helped to find us a car in another agency.",0,ในตอนแรกตัวแทนจัดการสถานการณ์ได้ไม่ดี ไม่มีรถว่างแม้แต่วันถัดไป จากนั้นตัวแทนก็ช่วยหารถให้เราในเอเจนซี่อื่น
"I have had a few issues with rentals recently, with no offer of apology.  Last time, the agent offered me an upgrade coupon but now he told me it is no longer available.",0,ฉันมีปัญหาเล็กน้อยเกี่ยวกับการเช่าเมื่อเร็วๆ นี้ โดยไม่มีข้อเสนอขอโทษ ครั้งล่าสุด ตัวแทนเสนอคูปองอัปเกรดให้ฉัน แต่ตอนนี้เขาบอกฉันว่าคูปองนี้ไม่สามารถใช้ได้อีกต่อไป
Car rental cost was higher because I decided to pay cash,0,ค่าเช่ารถก็สูงขึ้นเพราะผมตัดสินใจจ่ายเงินสด
I had to pay more because of some hidden fees. It disappointed me.,0,ฉันต้องจ่ายเพิ่มเพราะว่ามีค่าธรรมเนียมแอบแฝงอยู่บ้าง มันทำให้ฉันผิดหวัง
Although there were no available car in category stuff assisted in finding an available vehicle.,1,แม้ว่าจะไม่มีรถอยู่ในหมวดหมู่ที่ช่วยในการค้นหารถที่พร้อมใช้งาน
They were idiots.  The car had problems and they were unable to fix them or provide a replacement without a lot of hassle.,0,พวกเขาเป็นคนงี่เง่า รถมีปัญหาและไม่สามารถแก้ไขได้หรือเปลี่ยนให้ใหม่โดยไม่ต้องยุ่งยากมากนัก
They did not have the car I wanted.  upgraded me to a car I did not like and did not want.,0,พวกเขาไม่มีรถที่ฉันต้องการ อัพเกรดฉันเป็นรถที่ฉันไม่ชอบและไม่ต้องการ
They did not have the car I wanted.  upgraded me to a car I did not like and did not want.,0,พวกเขาไม่มีรถที่ฉันต้องการ อัพเกรดฉันเป็นรถที่ฉันไม่ชอบและไม่ต้องการ
They did not have the car I wanted.  upgraded me to a car I did not like and did not want.,0,พวกเขาไม่มีรถที่ฉันต้องการ อัพเกรดฉันเป็นรถที่ฉันไม่ชอบและไม่ต้องการ
They did not have the car I wanted.  upgraded me to a car I did not like and did not want.,0,พวกเขาไม่มีรถที่ฉันต้องการ อัพเกรดฉันเป็นรถที่ฉันไม่ชอบและไม่ต้องการ
They did not have the car I wanted.  upgraded me to a car I did not like and did not want.,0,พวกเขาไม่มีรถที่ฉันต้องการ อัพเกรดฉันเป็นรถที่ฉันไม่ชอบและไม่ต้องการ
They did not have the car I wanted.  upgraded me to a car I did not like and did not want.,0,พวกเขาไม่มีรถที่ฉันต้องการ อัพเกรดฉันเป็นรถที่ฉันไม่ชอบและไม่ต้องการ
They did not have the car I wanted.  upgraded me to a car I did not like and did not want.,0,พวกเขาไม่มีรถที่ฉันต้องการ อัพเกรดฉันเป็นรถที่ฉันไม่ชอบและไม่ต้องการ
They did not have the car I wanted.  upgraded me to a car I did not like and did not want.,0,พวกเขาไม่มีรถที่ฉันต้องการ อัพเกรดฉันเป็นรถที่ฉันไม่ชอบและไม่ต้องการ
They did not have the car I wanted.  upgraded me to a car I did not like and did not want.,0,พวกเขาไม่มีรถที่ฉันต้องการ อัพเกรดฉันเป็นรถที่ฉันไม่ชอบและไม่ต้องการ
They did not have the car I wanted.  upgraded me to a car I did not like and did not want.,0,พวกเขาไม่มีรถที่ฉันต้องการ อัพเกรดฉันเป็นรถที่ฉันไม่ชอบและไม่ต้องการ
They did not have the car I wanted.  upgraded me to a car I did not like and did not want.,0,พวกเขาไม่มีรถที่ฉันต้องการ อัพเกรดฉันเป็นรถที่ฉันไม่ชอบและไม่ต้องการ
"delayed shuttle, almost missed flight, bad customer service",0,รถรับส่งล่าช้า เกือบพลาดเที่ยวบิน การบริการลูกค้าแย่
I would like them to be more speedy.  Also I would like the rental company to check the car for previous damage while I am standing there.,0,ฉันอยากให้พวกเขาเร็วขึ้น นอกจากนี้ ฉันอยากให้บริษัทให้เช่าตรวจสอบรถว่ามีความเสียหายครั้งก่อนหรือไม่ในขณะที่ฉันยืนอยู่ตรงนั้น
"The only unpleasant aspects of interacting with personnel from the company was having to wait in a long line since most windows were closed. Also, they tried really hard to sell additional insurance coverage which was obnoxious.",0,ด้านที่ไม่พึงประสงค์ประการเดียวในการโต้ตอบกับบุคลากรจากบริษัทคือการต้องรอเป็นแถวยาวเนื่องจากหน้าต่างส่วนใหญ่ปิดอยู่ นอกจากนี้พวกเขายังพยายามอย่างหนักที่จะขายประกันเพิ่มเติมซึ่งน่ารังเกียจ
"Was average, nothing out of the ordinary.  Took a long time to get the car.",0,เป็นค่าเฉลี่ย ไม่มีอะไรผิดปกติ ใช้เวลานานในการรับรถ
"I haven't actually spoken with anyone from a car rental organization for quite a while.  When I did (probably about three years ago), I believe they were polite enough. However, I always hate to wait in lines when we have a lot of luggage.",0,จริงๆ แล้วฉันไม่ได้พูดคุยกับใครจากองค์กรให้เช่ารถมาระยะหนึ่งแล้ว ตอนที่ฉันทำ (อาจจะประมาณสามปีที่แล้ว) ฉันเชื่อว่าพวกเขาสุภาพเพียงพอ อย่างไรก็ตาม ฉันมักจะเกลียดการรอคิวเมื่อเรามีสัมภาระเยอะ
They were too pushy in trying to sell insurance.,0,พวกเขาเร่งเร้าเกินไปในการพยายามขายประกัน
speed up the rental process!,0,เร่งกระบวนการเช่า!
The counter girl seemed confused and she had lost our reservations. They directed us to one car and then came running out to tell us that was the wrong car and to come back to the counter. Getting directions took forever and they weren't accurate.,0,เคาน์เตอร์สาวดูสับสนและเธอทำการจองของเราหาย เขาพาเราไปที่รถคันหนึ่งแล้ววิ่งออกมาบอกว่าลงรถผิดแล้วจึงกลับมาที่เคาน์เตอร์ การขอเส้นทางใช้เวลานานและไม่แม่นยำ
"For the most part, they it's been really good service.  I usually rent from the airports because it's much cheaper.  Once they charged me over and I had to hunt down the accounting department to get my money back.  it was a pain.",0,โดยส่วนใหญ่แล้วพวกเขาก็ให้บริการที่ดีจริงๆ ฉันมักจะเช่าจากสนามบินเพราะมันถูกกว่ามาก เมื่อพวกเขาเรียกเก็บเงินจากฉัน และฉันต้องตามล่าแผนกบัญชีเพื่อเอาเงินคืน มันเป็นความเจ็บปวด
I HATE how they pressure you to buy add-on service.,0,ฉันเกลียดที่พวกเขากดดันให้คุณซื้อบริการเสริม
"took a long time to check in, and it would have been nice if someone explained how to get the convertible top down.",0,ใช้เวลาเช็คอินนาน และคงจะดีถ้ามีคนอธิบายวิธีเปิดประทุนแบบเปิดประทุน
"The agents were not friendly when I checked in initially, that was annoying because I had just spent 3 hours on a plane and wanted to be greeted with a better attitude.",0,เจ้าหน้าที่ไม่เป็นมิตรเมื่อฉันเช็คอินในตอนแรก มันน่ารำคาญเพราะฉันเพิ่งใช้เวลาบนเครื่องบิน 3 ชั่วโมงและต้องการได้รับการต้อนรับด้วยทัศนคติที่ดีขึ้น
they were a little slow,0,พวกเขาช้านิดหน่อย
I would like the reps be knowledgeable about the immediate area around the rental agency and or have maps for the area available free of charge.,0,ฉันต้องการให้ตัวแทนมีความรู้เกี่ยวกับพื้นที่โดยรอบบริษัทให้เช่า และหรือมีแผนที่สำหรับพื้นที่นั้นให้บริการฟรี
"I had to wait in line for a long time to get and return the vehicle.  Also, the car was not clean.",0,ฉันต้องรอคิวเป็นเวลานานเพื่อรับและคืนรถ อีกทั้งรถก็ไม่สะอาดด้วย
"The people where generally good, but overworked.  The printer went down.  The poor woman working the register was about to pull her hair out.  Customers were yelling at her, not me, but she was not in charge of the issues.",0,คนที่โดยทั่วไปดีแต่ทำงานหนักเกินไป เครื่องพิมพ์หยุดทำงาน หญิงยากจนที่ทำงานลงทะเบียนกำลังจะดึงผมของเธอออก ลูกค้าตะโกนใส่เธอ ไม่ใช่ฉัน แต่เธอไม่ได้รับผิดชอบปัญหาดังกล่าว
The car I reserved was not ready.,0,รถที่ฉันจองไว้ไม่พร้อม
"Had problems with windshield wipers that affected usability.  Problem was not solved.  Customer service was NOT helpful. Because of franchising, I was not able to get help from an office other than the one I rented from.  I had driven 60 miles from that location and there was another location 2 miles from where I was staying.",0,มีปัญหากับที่ปัดน้ำฝนที่ส่งผลต่อการใช้งาน ปัญหาไม่ได้รับการแก้ไข การบริการลูกค้าไม่เป็นประโยชน์ เนื่องจากเป็นแฟรนไชส์ ​​ฉันจึงไม่สามารถขอความช่วยเหลือจากสำนักงานอื่นที่ไม่ใช่สำนักงานที่ฉันเช่ามาได้ ฉันขับรถจากที่นั่นมา 60 ไมล์ และมีอีกที่หนึ่งซึ่งอยู่ห่างจากที่ฉันพักอยู่ 2 ไมล์
I thought that they were very short and not very friendly. I felt like they hated their job and could care less about the customer.,0,ฉันคิดว่าพวกเขาสั้นมากและไม่เป็นมิตรมาก ฉันรู้สึกเหมือนพวกเขาเกลียดงานของพวกเขาและไม่สนใจลูกค้าน้อยลง
"The only complaint I have is getting in fast, and not waiting in long lines. When I pick up a car. Or return it.",0,ข้อร้องเรียนเดียวที่ฉันมีคือการเข้าร้านอย่างรวดเร็วและไม่ต้องรอคิวนาน เมื่อผมไปรับรถ หรือส่งคืน.
"You need more staff to accommodate travelers who are in a hurry. Specifically, cut down the wait time to either retrieve or turn in a rental car.",0,คุณต้องมีพนักงานเพิ่มเพื่อรองรับนักเดินทางที่กำลังเร่งรีบ โดยเฉพาะ ลดเวลารอในการรับหรือคืนรถเช่า
More agents during peak hours,0,ตัวแทนเพิ่มมากขึ้นในช่วงชั่วโมงเร่งด่วน
Most windows were closed.,0,หน้าต่างส่วนใหญ่ถูกปิด
the agent obviously hates their job more than I hate mine and that surprises me,0,เห็นได้ชัดว่าตัวแทนเกลียดงานของพวกเขามากกว่าที่ฉันเกลียดของฉัน และนั่นทำให้ฉันประหลาดใจ
"We had an issue with our last vacation car rental.  Instead of crediting the rental amount, the company issued a certificate for one free day (could have been 2, I don't exactly remember).  I would have rather had the credit for our current rental.",0,เรามีปัญหากับการเช่ารถในช่วงวันหยุดครั้งล่าสุด แทนที่จะให้เครดิตตามจำนวนค่าเช่า บริษัทออกใบรับรองให้ฟรีหนึ่งวัน (อาจเป็น 2 วันก็ได้ ฉันจำไม่ได้แน่ชัด) ฉันอยากจะมีเครดิตสำหรับค่าเช่าปัจจุบันของเรามากกว่า
long lines waiting for the rental pick.,0,ต่อแถวยาวเพื่อรอรับการเช่า
"needed: shorter lines & cleaner cars, friendlier reps",0,"จำเป็น: เส้นที่สั้นลง & รถที่สะอาดขึ้น, พนักงานที่เป็นมิตรมากขึ้น"
I expected customer service to recognize that I rent from their company every single day. I expect some difference for this loyalty.,0,ฉันคาดหวังว่าฝ่ายบริการลูกค้าจะรับรู้ว่าฉันเช่าจากบริษัทของพวกเขาทุกวัน ฉันคาดหวังความแตกต่างสำหรับความภักดีนี้
"The person who assisted me was not very friendly and didn't like to give the details I was asking for (gas refill packages, insurance, etc.).",0,คนที่ช่วยเหลือฉันไม่เป็นมิตรมากและไม่ชอบให้รายละเอียดที่ฉันขอ (แพ็คเกจเติมน้ำมัน ประกัน ฯลฯ)
long lines waiting for the rental pick.,0,ต่อแถวยาวเพื่อรอรับการเช่า
It was absolutely ATROCIOUS! My wife and I were in a foreign country  when we realized that our car had an expired license plate and expired proof of insurance!,0,มันช่างเลวร้ายจริงๆ! ฉันและภรรยาอยู่ต่างประเทศเมื่อเราพบว่ารถของเรามีป้ายทะเบียนหมดอายุและหลักฐานการประกันหมดอายุ!
"Customer service was hopeless. They care less about your having reserved a certain car, but they are quick to upgrade you to a better one when you start causing a fuss. It would be nicer if no fuss was required and you got upgraded by default.",0,การบริการลูกค้าสิ้นหวัง พวกเขาไม่สนใจว่าคุณจองรถไว้สักคัน แต่พวกเขาจะอัพเกรดรถให้ดีขึ้นอย่างรวดเร็วเมื่อคุณเริ่มก่อเรื่องยุ่งยาก คงจะดีกว่านี้ถ้าไม่ต้องยุ่งยากและคุณได้รับการอัพเกรดตามค่าเริ่มต้น
"it seems that they never have the class of car that I ordered.  also, the last time I got there earlier than I thought and they wouldn't let me have the car until the time that I had requested it because their computer wouldn't allow it.",0,ดูเหมือนว่าพวกเขาไม่เคยมีรถคลาสที่ฉันสั่งเลย และครั้งสุดท้ายที่ผมไปถึงเร็วกว่าที่คิด และพวกเขาก็ไม่ยอมให้ผมมีรถจนกว่าจะถึงเวลาที่ผมขอ เพราะคอมพิวเตอร์ของพวกเขาไม่อนุญาต
"The better the Customer service, the more likely it will be for me to rent from that company again  they should learn from this",0,ยิ่งบริการลูกค้าดีเท่าไร ฉันก็ยิ่งมีแนวโน้มมากขึ้นที่จะเช่าจากบริษัทนั้นอีกครั้งที่พวกเขาควรเรียนรู้จากสิ่งนี้
It was not as bad as it usually is.,1,มันก็ไม่ได้แย่เหมือนปกติ
slow and stupid,0,ช้าและโง่
"The customer service agent was helpful, but I find that providing all of the information to the agent takes too long.  It would be nice if I could provide all of the information to the agent prior to coming the rental place.",0,ตัวแทนฝ่ายบริการลูกค้าให้ความช่วยเหลือดี แต่ฉันพบว่าการให้ข้อมูลทั้งหมดแก่ตัวแทนใช้เวลานานเกินไป คงจะดีไม่น้อยหากฉันสามารถให้ข้อมูลทั้งหมดแก่ตัวแทนก่อนมาถึงสถานที่เช่าได้
Customer Service at Alamo was RUDE. We waited in line for over an hour to get our car. Car was bad. Had to change it few days later. Another family traveling with us was upgraded to a larger car as they were out of the type of car booked.,0,การบริการลูกค้าที่ Alamo นั้นหยาบคาย เรารอคิวนานกว่าหนึ่งชั่วโมงเพื่อรับรถ รถก็แย่. ต้องเปลี่ยนมันไม่กี่วันต่อมา ครอบครัวอีกครอบครัวที่เดินทางมากับเราได้รับการอัปเกรดเป็นรถที่ใหญ่กว่าเนื่องจากไม่ใช่รถประเภทที่จองไว้
Customer is important for the enjoyment of the car.  If it's a bad experience we won't return to that company if we can avoid it - they should remember abotut this,0,ลูกค้าคือคนสำคัญต่อความเพลิดเพลินของรถ หากเป็นประสบการณ์ที่ไม่ดี เราจะไม่กลับไปที่บริษัทนั้นหากเราสามารถหลีกเลี่ยงได้ - พวกเขาควรจำไว้เกี่ยวกับเรื่องนี้
"last time I rented a car was at Manchester, NH airport and they do not have office there anymore",0,ครั้งสุดท้ายที่ฉันเช่ารถคือที่สนามบินแมนเชสเตอร์ รัฐนิวแฮมป์เชียร์ และพวกเขาไม่มีสำนักงานที่นั่นอีกต่อไป
Waiting line is too long.  They need to speed up the process.,0,สายการรอยาวเกินไป พวกเขาจำเป็นต้องเร่งกระบวนการให้เร็วขึ้น
"Customer service agent stated she did not have reserved model available and I would have to pay for upgrade to other model. I refused, and then received upgraded model at no charge.",0,ตัวแทนฝ่ายบริการลูกค้าระบุว่าเธอไม่มีรุ่นที่จองไว้ และฉันจะต้องชำระค่าอัปเกรดเป็นรุ่นอื่น ฉันปฏิเสธ และได้รับโมเดลที่อัปเกรดแล้วโดยไม่มีค่าใช้จ่าย
"Penalties for smoking in non-smoking cars should be more severe, and include decapitation.  Customer service was not receptive.",0,บทลงโทษสำหรับการสูบบุหรี่ในรถยนต์ที่ไม่สูบบุหรี่ควรรุนแรงกว่านี้และรวมถึงการถูกตัดหัวด้วย การบริการลูกค้าไม่เปิดกว้าง
My main concern was that the price quoted on the internet was not the price that I was invoiced.   I had to call the provider and straighten it out but it took time and was a hassle.,0,ข้อกังวลหลักของฉันคือราคาที่เสนอบนอินเทอร์เน็ตไม่ใช่ราคาที่ฉันได้รับใบแจ้งหนี้ ฉันต้องโทรหาผู้ให้บริการและแก้ไขปัญหาให้ตรง แต่ต้องใช้เวลาและยุ่งยากมาก
"the better the customer service, the sooner the vacation starts",0,ยิ่งบริการลูกค้าได้ดีเท่าไร วันหยุดก็จะยิ่งเร็วขึ้นเท่านั้น
Customer service is horrible. I reserved through on-line which did not indicate/state I had to provide proof of insurance during pickup. The manager denied the reservation and after long and rude argument he finally gave in.,0,การบริการลูกค้าแย่มาก ฉันจองผ่านออนไลน์ซึ่งไม่ได้ระบุ/ระบุว่าฉันต้องแสดงหลักฐานการประกันระหว่างการรับสินค้า ผู้จัดการปฏิเสธการจอง และหลังจากการโต้เถียงที่หยาบคายและยาวนานในที่สุดเขาก็ยอมจำนน
"Slow, long lineup",0,ช้าและยาว
"My last car rental was in Costa Rica.  There was lots of red tape associated with renting the car, it took almost an hour.  I don't usually experience that type of problem in the US.",0,รถเช่าครั้งสุดท้ายของฉันอยู่ที่คอสตาริกา มีเทปสีแดงมากมายเกี่ยวกับการเช่ารถ ซึ่งใช้เวลาเกือบหนึ่งชั่วโมง ปกติแล้วฉันจะไม่ประสบปัญหาประเภทนี้ในสหรัฐอเมริกา
Everyone was very helpful.  The car was ready for me on time and I didn't have to wait a long time at the counter.,1,ทุกคนช่วยเหลือดีมาก รถก็พร้อมสำหรับฉันตรงเวลาและไม่ต้องรอที่เคาน์เตอร์เป็นเวลานาน
They moved me in and out quickly. The shuttle driver drove like a maniac.,1,พวกเขาย้ายฉันเข้าออกอย่างรวดเร็ว คนขับรถรับส่งขับรถเหมือนคนบ้า
"We needed a minivan on very short notice to drive out of town to a funeral.  Enterprise staff worked hard to find us one, and they did. We smashed the car into a parking garage pole.  Since we had purchased the comprehensive insurance we didn't have to go through all of the B.S.",1,เราต้องการรถมินิแวนโดยแจ้งล่วงหน้าสั้นมากเพื่อขับรถออกนอกเมืองไปร่วมงานศพ พนักงานขององค์กรทำงานอย่างหนักเพื่อหาเรา และพวกเขาก็ทำสำเร็จ เราชนรถเข้ากับเสาโรงจอดรถ เนื่องจากเราได้ซื้อประกันภัยแบบครอบคลุมแล้ว เราจึงไม่จำเป็นต้องผ่านหลักสูตร B.S. ทั้งหมด
The representatives were helpful and considerate,1,ตัวแทนก็ให้ความช่วยเหลือและมีน้ำใจ
"Customer service was average.  They did not go above and beyond.  They did, however, do more than the minimum.",1,การบริการลูกค้าอยู่ในระดับปานกลาง พวกเขาไม่ได้ก้าวไปไกลกว่านั้น อย่างไรก็ตาม พวกเขาทำมากกว่าขั้นต่ำสุด
Everything was great.  The line was a little long to get the car but it was a good experience.,1,ทุกอย่างดีมาก เส้นยาวนิดหน่อยในการรับรถ แต่มันก็เป็นประสบการณ์ที่ดี
not applicable,1,ไม่สามารถใช้ได้
they were trying to satisfy me even though my wife tells me I was being rude,1,พวกเขาพยายามทำให้ฉันพอใจแม้ว่าภรรยาจะบอกฉันว่าฉันหยาบคายก็ตาม
friendly people,1,ผู้คนที่เป็นมิตร
They provided the best service thus far. They are very friendly and helpful. I have rented from other companies before both cheaper and more expensive.,1,พวกเขาให้บริการที่ดีที่สุดจนถึงตอนนี้ พวกเขาเป็นมิตรและช่วยเหลือดีมาก ผมเคยเช่าจากบริษัทอื่นมาก่อนทั้งถูกและแพงกว่า
"We had a small problem with the size of car we reserved being available. The company was able to send another car over from a different location. We were delayed in getting on the road, but were satisfied with the car.",1,เราประสบปัญหาเล็กน้อยกับขนาดของรถที่เราจองไว้ว่าง บริษัทสามารถส่งรถคันอื่นมาจากสถานที่อื่นได้ เราเดินทางล่าช้า แต่ก็พอใจกับรถ
None I  rarely rent cars,1,ไม่มี ฉันไม่ค่อยเช่ารถ
they were extremely helpful and did whatever they could to help us.,1,พวกเขาให้ความช่วยเหลือดีมากและทำทุกอย่างเท่าที่ทำได้เพื่อช่วยเรา
the service at the airport was very convenient.  no lines at the service desk.,1,การบริการที่สนามบินสะดวกมาก ไม่มีสายที่ส่วนให้บริการ
long lines moved quickly,1,เส้นยาวเคลื่อนตัวอย่างรวดเร็ว
They had the class of car that I ordered.,1,พวกเขามีรถคลาสที่ฉันสั่ง
"Anywhere you go you will find good customer service and bad customer service.  Since I have rented so many cars, there have been too many experiences to recall so I can't say anything definitely bad",1,ทุกที่ที่คุณไปคุณจะพบกับการบริการลูกค้าที่ดีและการบริการลูกค้าที่ไม่ดี เนื่องจากฉันเช่ารถมาหลายคัน มีประสบการณ์มากมายเกินกว่าจะจำได้ ดังนั้นฉันจึงไม่สามารถพูดอะไรที่ไม่ดีได้อย่างแน่นอน
No complaints.,1,ไม่มีการร้องเรียน
very limited (which is good).  quickly received car.,1,มีจำกัดมาก (ซึ่งก็ดี) ได้รับรถอย่างรวดเร็ว
they were fast and friendly.,1,พวกเขารวดเร็วและเป็นมิตร
"I never had to deal with customer service. The bus dropped me off at my car, when I returned the car, I had my receipt at that moment. I then got on the bus and left. Never having to wait in a line for customer service.",1,ฉันไม่เคยต้องจัดการกับการบริการลูกค้า รถบัสไปส่งฉันที่รถ พอคืนรถ ฉันก็ได้รับใบเสร็จรับเงินทันที จากนั้นฉันก็ขึ้นรถบัสและออกไป ไม่ต้องรอคิวบริการลูกค้า
"Very nice, free upgrade",1,สวยมาก อัพเกรดฟรีเลย
Customer service was extremely helpful.  They knew I was visiting my 91 year old mother and upgraded at no cost to a car that would be more comfortable for her.,1,การบริการลูกค้ามีประโยชน์อย่างมาก พวกเขารู้ว่าฉันกำลังไปเยี่ยมคุณแม่วัย 91 ปี และอัพเกรดเป็นรถที่สะดวกสบายสำหรับเธอโดยไม่มีค่าใช้จ่าย
"Well since I used to work for a car rental company and at the time I rented I was still working with the company, I was treated with nothing but respect and received a free upgrade as well.",1,คือตั้งแต่ผมเคยทำงานบริษัทรถเช่าและตอนที่ผมเช่าผมยังทำงานกับบริษัทอยู่ ผมได้รับการปฏิบัติอย่างให้เกียรติและได้รับการอัพเกรดฟรีด้วย
Its nice when you get in your car and it has already been started up with the A/C or heating going.,1,เป็นเรื่องดีเมื่อคุณเข้าไปในรถ และมันก็สตาร์ทแล้วโดยที่ระบบปรับอากาศหรือระบบทำความร้อนกำลังทำงานอยู่
"Very good. willing to drop me off and pick me up from location, upgraded me to higher level due to availability",1,ดีมาก. ยินดีที่จะส่งฉันและรับฉันจากที่ตั้ง อัปเกรดฉันเป็นระดับที่สูงขึ้นเนื่องจากความพร้อม
"It would be nice if they included maps to the airport drop off with the car, last time we got lost returning the car and almost missed the flight.  There was nothing on the exit that indicated rental returns.  Actually the one I really liked, was when we",0,คงจะดีไม่น้อยหากรวมแผนที่ไปส่งที่สนามบินด้วย ครั้งสุดท้ายที่เราหลงทางในการคืนรถและเกือบพลาดเที่ยวบิน ไม่มีอะไรที่ทางออกที่ระบุผลตอบแทนการเช่า จริงๆ ที่ชอบที่สุดคือตอนที่เรา
The car should have been brought to us instead of us trying to find it in the lot.,0,น่าจะนำรถมาให้เราแทนที่จะพยายามหาในล็อต
"no wait for pick up and drop off was great, help with luggage, face to face directions to hotel, recommended entertainment for area.",1,ไม่ต้องรอรับและส่งดีมาก ช่วยเรื่องกระเป๋าเดินทาง การบอกทางแบบตัวต่อตัวไปยังโรงแรม ความบันเทิงที่แนะนำสำหรับพื้นที่
They offered detailed directions.,1,พวกเขาเสนอแนวทางโดยละเอียด
Please back to lower the prices.,0,กรุณากลับมาลดราคาอีกครั้ง
Even economy class cars are too expensive.,0,แม้แต่รถยนต์ชั้นประหยัดก็มีราคาแพงเกินไป
I was penalty charged because vehicle was not returned with full tank.,0,โดนลงโทษเพราะไม่ได้คืนรถพร้อมน้ำมันเต็มถัง
"My experience up to date was  good.  It was inconvenient to return car clean, but I had to pay the hefty charge for rental.",1,ประสบการณ์ของฉันจนถึงตอนนี้ก็ดี ไม่สะดวกที่จะคืนรถ แต่ต้องเสียค่าเช่าแพงๆ
Please stop increasing the prices.,0,กรุณาหยุดขึ้นราคา.
price TOO HIGH and off premise location is NOT convenient.,0,ราคาสูงเกินไปและทำเลนอกสถานที่ไม่สะดวก
I do not  understand why I have to pay additional fee if vehicle is returned without a full tank.,0,ฉันไม่เข้าใจว่าทำไมฉันต้องจ่ายค่าธรรมเนียมเพิ่มเติมหากส่งคืนรถโดยไม่มีน้ำมันเต็มถัง
"My experience was positive .The thing I didnt like was returning the car with full tank.  It was time consuming, but I didn't want to pay fill-up charge to the rental company.",1,ประสบการณ์ของฉันเป็นบวก สิ่งที่ฉันไม่ชอบคือการคืนรถพร้อมน้ำมันเต็มถัง ใช้เวลานาน แต่ฉันไม่ต้องการจ่ายค่าเติมให้กับบริษัทให้เช่า
Please lower the prices.,0,กรุณาลดราคาลง.
price too high and location off premise too far,0,ราคาสูงเกินไปและทำเลอยู่นอกสถานที่ไกลเกินไป
outlining the cost of gas per gallon charged if vehicle was returned without full tank,0,สรุปต้นทุนน้ำมันต่อแกลลอนที่เรียกเก็บหากส่งคืนรถยนต์โดยไม่มีน้ำมันเต็มถัง
"My last experience was  seamless.  The only thing I didn't like was having to fill the tank with gas before turning it in.  It was inconvenient, but I didn't want to pay the hefty fill-up charge to the rental company.",1,ประสบการณ์ครั้งสุดท้ายของฉันราบรื่น สิ่งเดียวที่ฉันไม่ชอบก็คือต้องเติมน้ำมันเต็มถังก่อนนำเข้า มันไม่สะดวก แต่ฉันไม่อยากจ่ายค่าเติมแพงๆ ให้กับบริษัทให้เช่า
Excellent response dealing with child seat.,1,การตอบสนองที่ยอดเยี่ยมเกี่ยวกับเบาะนั่งสำหรับเด็ก
There was still a live person however we arrived very late.  We had no problems with car return.,1,ยังมีคนอยู่ แต่เรามาถึงช้ามาก เราไม่มีปัญหาเรื่องการคืนรถ
Service was incredibly fast. Car was parked in area close to rental office.,1,การบริการรวดเร็วอย่างไม่น่าเชื่อ รถจอดอยู่ในบริเวณใกล้กับสำนักงานให้เช่า
"I reserved the car over internet,, and had no problems with pick-up of the vehicle.",1,ฉันจองรถผ่านอินเทอร์เน็ต และไม่มีปัญหาในการรับรถ
VERY slow service!,0,บริการช้ามาก!
Did not have some problems. My car was not ready on time.,0,ไม่มีปัญหาบางอย่าง รถของฉันไม่พร้อมตรงเวลา
"all went quite without hassle, they picked me up to get the car it was great.",1,ทุกอย่างดำเนินไปอย่างไม่ยุ่งยาก พวกเขามารับฉันเพื่อรับรถมันเยี่ยมมาก
"I was happy that we arrived very late and there was still a live person to help us get our rental.  We had no problems with the car, and returned it easily.",1,ฉันดีใจมากที่เรามาถึงช้ามากและยังมีคนช่วยเราเช่าที่พักอยู่ เราไม่มีปัญหากับรถและคืนรถได้อย่างง่ายดาย
Service was fast. Car was parked close-by.,1,การบริการรวดเร็ว รถก็จอดอยู่ใกล้ๆ
"I rented over the internet, and there were no problems with the reservation or pick-up of the vehicle.",1,ฉันเช่าผ่านอินเทอร์เน็ต และไม่มีปัญหาในการจองหรือรับรถ
fast service,1,บริการที่รวดเร็ว
Did not have any problems. My car was ready on time and it was the one I had asked for.,1,ไม่มีปัญหาใดๆ รถของฉันพร้อมตรงเวลาและเป็นคันที่ฉันขอ
"all went quite smoothly... it was Enterprise, so they even picked me up to get the car... it was very convenient.",1,ทุกอย่างเป็นไปอย่างราบรื่น...เป็น Enterprise เลยมารับรถด้วย...สะดวกมาก
"I would like the personnel to pretend they care about customer, at least.",0,ฉันอยากให้พนักงานแกล้งทำเป็นว่าพวกเขาใส่ใจลูกค้าเป็นอย่างน้อย
Do not try sell what I do not need.,0,อย่าพยายามขายสิ่งที่ฉันไม่ต้องการ
Agents always want me to take extra insurance but this time they insisted too much.,0,ตัวแทนมักต้องการให้ฉันทำประกันเพิ่ม แต่คราวนี้พวกเขายืนกรานมากเกินไป
The rental car person was impertinent.,1,ผู้เช่ารถไม่มีความเกี่ยวข้อง
Guys were extremely nice.,1,พวกคุณเป็นคนดีมาก
They could really try work harder.,0,พวกเขาสามารถพยายามทำงานหนักขึ้นได้จริงๆ
"Based on the customer service personnel I encountered most recently, I would say it is vastly preferable for the personnel to be able to at least pretend to care whether the customer ever actually receives a car rental that was reserved months in advance.",0,จากเจ้าหน้าที่บริการลูกค้าที่ฉันพบเมื่อเร็วๆ นี้ ฉันจะบอกว่าจะดีกว่ามากสำหรับบุคลากรที่อย่างน้อยแกล้งทำเป็นสนใจว่าลูกค้าจะได้รับรถเช่าที่จองไว้ล่วงหน้าหลายเดือนหรือไม่
they should not try so hard to up sell,0,พวกเขาไม่ควรพยายามอย่างหนักในการขาย
"Agents usually try to get you to take insurance and pay for full tank of gas.  Some persist even after a ""no thanks.""  Even after noting preferences on my frequent user file that says I don't want them.",0,"เจ้าหน้าที่มักจะพยายามให้คุณทำประกันและชำระค่าน้ำมันเต็มถัง บางคนยังคงมีอยู่แม้หลังจาก ""ไม่ ขอบคุณ"" แม้ว่าฉันจะสังเกตเห็นการตั้งค่าในไฟล์ผู้ใช้ประจำของฉันที่ระบุว่าฉันไม่ต้องการมันก็ตาม"
The rental car guy was cute.,1,คนเช่ารถก็น่ารัก
For the most part they are very nice.,1,ส่วนใหญ่พวกเขาจะดีมาก
"I guess it really DOES ""try harder.""",1,"ฉันเดาว่ามัน ""พยายามให้มากขึ้น"" จริงๆ"
what customer service? It was a nightmare,0,บริการลูกค้าอะไร? มันเป็นฝันร้าย
"""sorely lacking""  helpdesk was not much helpfull",0,"โปรแกรมช่วยเหลือ ""ขาดอย่างมาก"" ไม่ได้ช่วยอะไรมากนัก"
"It took quite a long time, about 45 minutes to an hour.  Several attendants but the line was about 20-25 deep.  Check out was very quick.  A minute or two was all.  Overall a pretty good experience.",0,ใช้เวลาค่อนข้างนาน ประมาณ 45 นาทีถึงหนึ่งชั่วโมง มีคนมาหลายคนแต่แถวลึกประมาณ 20-25 คน เช็คเอาท์รวดเร็วมาก หนึ่งหรือสองนาทีก็หมด โดยรวมแล้วเป็นประสบการณ์ที่ดีทีเดียว
they could not provide driving directions,0,พวกเขาไม่สามารถบอกเส้นทางการขับขี่ได้
"friendly, but could not making any decisions on own",0,เป็นมิตรแต่ไม่สามารถตัดสินใจได้ด้วยตัวเอง
They forgot to ask for my driver's license.,0,พวกเขาลืมขอใบขับขี่ของฉัน
"States have different rules and regulations pertaining to speed, radar detectors, even when light should be on.  Customer services reps should have a handout or be knowledgeable of a particular state's laws.",0,รัฐมีกฎและข้อบังคับที่แตกต่างกันเกี่ยวกับความเร็ว เครื่องตรวจจับเรดาร์ แม้ว่าจะต้องเปิดไฟก็ตาม ตัวแทนฝ่ายบริการลูกค้าควรมีเอกสารแจกหรือมีความรู้เกี่ยวกับกฎหมายของรัฐนั้นๆ
Customer service was fine.  We didn't care for the off site location.  Would not use that car rental company at that airport again.,0,การบริการลูกค้าก็ดี เราไม่สนใจสถานที่นอกสถานที่ จะไม่ใช้บริการบริษัทเช่ารถแห่งนั้นที่สนามบินนั้นอีก
"The rental clerk was nice, but I swear she was deaf.  We had to repeat everything twice and although we had a reservation she treated us like a walk in, so that all the information that we gave to reserve the car we had to repeat all over again.",0,พนักงานเช่าเป็นคนดี แต่ฉันสาบานว่าเธอหูหนวก เราต้องทำซ้ำทุกอย่างสองครั้งและถึงแม้เราจะจองไว้เธอก็ทำกับเราเหมือนเดินเข้ามาดังนั้นข้อมูลทั้งหมดที่เราให้ไว้เพื่อจองรถเราต้องทำซ้ำอีกครั้ง
the rep was friendly but it was so loud in there that I could not hear what she was saying. I HATE having to walk across a big lot with all of my bags in search of my car which is always in the furthest corner.,0,ตัวแทนเป็นมิตรแต่เสียงดังมากจนฉันไม่ได้ยินสิ่งที่เธอพูด ฉันเกลียดที่ต้องเดินข้ามทุ่งใหญ่พร้อมกระเป๋าทั้งหมดเพื่อค้นหารถของฉันซึ่งมักจะอยู่ในมุมที่ไกลที่สุดเสมอ
They should upgrade me every time.,0,พวกเขาควรอัพเกรดฉันทุกครั้ง
"customer service was great until we returned the car.  I experienced an issue with damage to the car, and felt that things were left unanswered and still waiting for a response from them.",0,การบริการลูกค้าดีมากจนกระทั่งเราคืนรถ ฉันประสบปัญหาเกี่ยวกับความเสียหายของรถ และรู้สึกว่าสิ่งต่างๆ ยังไม่ได้รับคำตอบและยังคงรอการตอบกลับจากพวกเขาอยู่
Having knowledgeable personnel is very important,0,การมีบุคลากรที่มีความรู้เป็นสิ่งสำคัญมาก
"It was good, got the car we wanted without much of a wait in picking up and dropping off",1,เป็นเรื่องดีได้รถที่เราต้องการโดยไม่ต้องรอรับและส่งมากนัก
adequate to the price. It was fine,1,เหมาะสมกับราคา มันสบายดี
Person very friendly but only person working counter,1,คนที่เป็นมิตรมาก แต่เป็นคนที่ทำงานเคาน์เตอร์เท่านั้น
"They provided good service.   It was easy to make on-line reservations, the airport bus took me directly and quickly to the car, gas tank filled, customer service friendly and helped with directions and luggage.",1,พวกเขาให้บริการที่ดี การจองทางออนไลน์เป็นเรื่องง่าย รถบัสสนามบินพาฉันไปที่รถโดยตรงและรวดเร็ว ถังน้ำมันเต็มถัง การบริการลูกค้าที่เป็นมิตร และช่วยแนะนำเส้นทางและสัมภาระ
The car rental company that I went with had very good customer service. They were out of a certain car I reserved and gave me a upgrade and apologized.,1,บริษัทรถเช่าที่ฉันไปด้วยนั้นบริการลูกค้าได้ดีมาก พวกเขาออกจากรถที่ฉันจองไว้และอัพเกรดให้ฉันและขอโทษ
"Experience was fine, usually try to get you to upgrade.",1,ประสบการณ์ก็ดี โดยปกติแล้วจะพยายามให้คุณอัปเกรด
good,1,ดี
Customer Service was fine. They were able to upgrade me for $2 a day to the next class...that was nice.,1,การบริการลูกค้าก็ดี พวกเขาสามารถอัพเกรดชั้นเรียนถัดไปให้ฉันได้ในราคา $2 ต่อวัน...นั่นเป็นสิ่งที่ดี
They were helpful and accommodating when I wanted to change the color of the car.,1,พวกเขาให้ความช่วยเหลือและอำนวยความสะดวกเมื่อฉันต้องการเปลี่ยนสีรถ
The customer service was excellent,1,การบริการลูกค้าเป็นเลิศ
Experience was fine,1,ประสบการณ์ก็ดี
"Have not rented a car since last October.  Customer Service was good, shuttle service was available to and from airport.  Scheduled pickup was on time and they even found a package we had left in the car and brought it to the shuttle.",1,ยังไม่ได้เช่ารถตั้งแต่เดือนตุลาคมปีที่แล้ว บริการลูกค้าได้ดี มีบริการรถรับส่งไปและกลับจากสนามบิน การมารับตามกำหนดเวลานั้นตรงเวลาและพวกเขาก็พบพัสดุที่เราทิ้งไว้ในรถและนำไปที่รถรับส่งด้วย
it was a great experience,1,มันเป็นประสบการณ์ที่ดี
No problems encountered,1,ไม่พบปัญหาใดๆ
Very satisfactory. Employees were very helpful in providing directions.,1,น่าพอใจมาก พนักงานให้ความช่วยเหลือดีมากในการให้คำแนะนำ
Customer Service was quick and friendly.  I received my car with little hassles.,1,การบริการลูกค้ารวดเร็วและเป็นกันเอง ฉันได้รับรถด้วยความยุ่งยากเล็กน้อย
Customer service was good at MSP airport and the process was very fast.  From getting off of the plane to leaving with my rental car was less than 45 minutes.,1,การบริการลูกค้าทำได้ดีที่สนามบิน MSP และกระบวนการก็รวดเร็วมาก ตั้งแต่ลงเครื่องจนถึงออกรถก็ใช้เวลาไม่ถึง 45 นาที
no complaints,1,ไม่มีการร้องเรียน
Friendly and very well informed,1,เป็นกันเองและให้ข้อมูลดีมาก
It was fine,1,มันสบายดี
"Employees had nice, new uniforms.",1,พนักงานมีเครื่องแบบใหม่และสวยงาม
"customer service was very good and very professional, energetic",1,การบริการลูกค้าดีมากและเป็นมืออาชีพและกระตือรือร้นมาก
customer service was OK,1,การบริการลูกค้าก็โอเค
"Customer service was great, but I wish they had searched the car when I returned it.  I left my Palm Pilot in the backseat for 2 days before I noticed it was missing!  Fortunately the car was still in the lot when I called and they were able to ship it to me.",1,การบริการลูกค้าดีมาก แต่ฉันหวังว่าพวกเขาจะตรวจค้นรถเมื่อฉันส่งคืน ฉันทิ้ง Palm Pilot ไว้ที่เบาะหลังเป็นเวลา 2 วันก่อนที่จะสังเกตเห็นว่ามันหายไป! โชคดีที่รถยังอยู่ในลานจอดรถตอนที่ฉันโทรไป และพวกเขาก็จัดส่งให้ฉันได้
they were fine.,1,พวกเขาสบายดี
they were very nice and willing to help in any way they could,1,พวกเขาใจดีมากและเต็มใจช่วยเหลือทุกวิถีทางที่ทำได้
"it was fine, I had no problem at all.",1,ไม่เป็นไร ฉันไม่มีปัญหาเลย
They were very good and took care of what I needed. Very quick.,1,พวกเขาดีมากและดูแลสิ่งที่ฉันต้องการ เร็วมาก.
The customer service people were very nice.  During my vacation I locked my keys in the car.  The rental company sent someone out with a new set of keys to unlock the car.,1,คนบริการลูกค้าก็น่ารักมาก ในช่วงวันหยุดของฉัน ฉันล็อคกุญแจไว้ในรถ บริษัทให้เช่าส่งคนออกไปพร้อมกับกุญแจชุดใหม่เพื่อปลดล็อครถ
Everything went fine.  Folks were friendly and informed.,1,ทุกอย่างเป็นไปด้วยดี ผู้คนเป็นมิตรและให้ข้อมูล
"It was okay, we got the car quickly, which is the most important thing",1,ไม่เป็นไรเราได้รถเร็วซึ่งเป็นสิ่งสำคัญที่สุด
No suggestions.  Customer Service was good.,1,ไม่มีข้อเสนอแนะ การบริการลูกค้าเป็นสิ่งที่ดี
Customer service was outstanding. Got a free upgrade without even asking. Everyone was very courteous and friendly.,1,การบริการลูกค้าที่โดดเด่น ได้รับการอัปเกรดฟรีโดยไม่ต้องถาม ทุกคนสุภาพและเป็นมิตรมาก
Everyone was very friendly. They even drove us to the airport since we were running late for our flight.,1,ทุกคนเป็นมิตรมาก พวกเขาขับรถพาเราไปสนามบินด้วยเพราะเราขึ้นเครื่องสาย
All the people I dealt with were pleasant and helpful.,1,ทุกคนที่ฉันติดต่อด้วยมีน้ำใจและช่วยเหลือดี
they were very nice,1,พวกเขาเป็นคนดีมาก
Everything was fine with my last car rental.,1,ทุกอย่างเรียบร้อยดีกับการเช่ารถครั้งสุดท้ายของฉัน
"It was a good experience, received an upgrade at no charge.",1,เป็นประสบการณ์ที่ดี ได้รับการอัปเกรดโดยไม่มีค่าใช้จ่าย
they were friendly,1,พวกเขาเป็นมิตร
We did not have any trouble with customer service. No complaints.,1,เราไม่มีปัญหากับการบริการลูกค้า ไม่มีการร้องเรียน
They were friendly and helpful enough.,1,พวกเขาเป็นมิตรและช่วยเหลือดีพอ
My last rental experience for leisure was fine -- no service issues to speak of.,1,ประสบการณ์การเช่าครั้งล่าสุดของฉันเพื่อการพักผ่อนก็ดี -- ไม่มีปัญหาด้านการบริการให้พูดถึง
service was excellent,1,การบริการเป็นเลิศ
No problems,1,ไม่มีปัญหา
customer service was OK,1,การบริการลูกค้าก็โอเค
People were nice.  Service was fast.,1,ผู้คนก็ดี การบริการรวดเร็ว
"Customer Service is great since you don't have to deal with any people, per se.  The car is ready and waiting for you and the shuttle just drops you off to it.",1,การบริการลูกค้าเป็นสิ่งที่ดีเนื่องจากคุณไม่จำเป็นต้องติดต่อกับใครเลย รถพร้อมและรอคุณอยู่ และรถรับส่งก็จะไปส่งคุณถึงที่
Good experience with all the rental co.'s I contacted. I Just called with rental dates and received pricing and selected rental co.,1,ประสบการณ์ที่ดีกับบริษัทเช่าทั้งหมดที่ฉันติดต่อไป ฉันเพิ่งโทรไปพร้อมวันที่เช่าและรับราคาและเลือกบริษัทเช่า
No problems,1,ไม่มีปัญหา
Customer service was fine,1,การบริการลูกค้าก็ดี
Customer service went out of their way to provide a car that would fit our needs,1,การบริการลูกค้าพยายามอย่างเต็มที่เพื่อจัดหารถยนต์ที่เหมาะกับความต้องการของเรา
"Our customer service representative was polite and well-dressed. He smiled appropriately and answered my questions, not from a rehearsed script, but from his own frame of reference. He shirt was neatly pressed and his hair was professionally coifed.",1,ตัวแทนฝ่ายบริการลูกค้าของเราสุภาพและแต่งตัวดี เขายิ้มอย่างเหมาะสมและตอบคำถามของฉัน ไม่ใช่จากบทซ้อม แต่จากกรอบการอ้างอิงของเขาเอง เขารีดเสื้อเชิ้ตของเขาอย่างเรียบร้อย และผมของเขาถูกมัดอย่างมืออาชีพ
"They were actually very nice. It was in Rome and there was a language barrier, but we overcame it.",1,พวกเขาเป็นคนดีมากจริงๆ มันอยู่ในโรมและมีอุปสรรคด้านภาษา แต่เราเอาชนะมันได้
The woman at the counter was friendly and tried to accommodate me as best she could. The counter was close to the terminal and the whole thing was quick and expedient.,1,ผู้หญิงที่เคาน์เตอร์เป็นมิตรและพยายามอำนวยความสะดวกให้ฉันอย่างดีที่สุดเท่าที่จะทำได้ เคาน์เตอร์อยู่ใกล้กับอาคารผู้โดยสารและทุกอย่างก็รวดเร็วและสะดวก
Customer service was friendly and helpful.,1,การบริการลูกค้าเป็นกันเองและช่วยเหลือดี
They were competent.,1,พวกเขามีความสามารถ
"very friendly, brought the car to the hotel",1,เป็นกันเองมากนำรถไปที่โรงแรม
The customer service was very friendly and knowledgeable.  She suggested to upgrade to the SUV and it worked out much better for our trip.,1,การบริการลูกค้าเป็นกันเองและมีความรู้มาก เธอแนะนำให้อัพเกรดเป็น SUV และมันทำงานได้ดีขึ้นมากสำหรับการเดินทางของเรา
it was fine,1,มันสบายดี
Staff member was very pleasant. Provided map/directions to my hotel.,1,พนักงานก็น่าพอใจมาก ให้แผนที่/เส้นทางไปยังโรงแรมของฉัน
Customer service was fine,1,การบริการลูกค้าก็ดี
"The people were very nice.  Directions to and from our hotel, the rental company location and tourists attractions were given and they were happy to help us out.",1,ผู้คนก็ดีมาก มีการระบุเส้นทางไปและกลับจากโรงแรม ที่ตั้งของบริษัทให้เช่า และสถานที่ท่องเที่ยวสำหรับนักท่องเที่ยว และพวกเขายินดีช่วยเหลือเรา
Customer service was fine as I recall. No problems.,1,การบริการลูกค้าก็ดีอย่างที่ฉันจำได้ ไม่มีปัญหา.
It was very late at night and the customer service representative was very obliging and courteous.,1,ตอนดึกมากและตัวแทนฝ่ายบริการลูกค้าก็ใจดีและสุภาพมาก
it was fine.,1,มันสบายดี.
I had no problems with the service,1,ฉันไม่มีปัญหากับการบริการ
the line was slow but the agent was ok,1,สายช้าแต่เจ้าหน้าที่ก็โอเค
"They were great as far as I could tell, they explained what needed to be done to use the University pricing.",1,พวกเขายอดเยี่ยมมากเท่าที่ฉันสามารถบอกได้ พวกเขาอธิบายสิ่งที่ต้องทำเพื่อใช้ราคาของมหาวิทยาลัย
 The service was polite and professional. I was attended to quickly and courteously.,1,การบริการสุภาพและเป็นมืออาชีพ ฉันเข้าร่วมอย่างรวดเร็วและสุภาพ
Customer service was very good.,1,การบริการลูกค้าดีมาก
Customer service was very good,1,การบริการลูกค้าดีมาก
service was good.,1,การบริการดี
I would have to say that Enterprise car rental has the best customer service. They are very friendly and helpful.,1,ฉันต้องบอกว่ารถเช่า Enterprise มีการบริการลูกค้าที่ดีที่สุด พวกเขาเป็นมิตรและช่วยเหลือดีมาก
"The service I have is always good, I have used the same company for many years and I know the counter personnel personally.  It is always good to know that they are willing to help you in any situation. ",1,การบริการที่ฉันมีดีเสมอมา ฉันใช้บริการบริษัทเดียวกันมาหลายปีแล้ว และฉันก็รู้จักพนักงานเคาน์เตอร์เป็นการส่วนตัว เป็นเรื่องดีเสมอที่รู้ว่าพวกเขายินดีช่วยเหลือคุณในทุกสถานการณ์
"Last time I rented a car was when I went skiing with my whole family.  We got a Chevy Blazer.  We didn't think it was as large as a Ford Explorer, so we asked to switch.  The agent was very nice and gave us the Ford Explorer.",1,ครั้งสุดท้ายที่ฉันเช่ารถคือตอนที่ฉันไปเล่นสกีกับครอบครัว เรามีเชฟวี่เบลเซอร์ เราไม่คิดว่ามันใหญ่เท่ากับ Ford Explorer เราจึงขอเปลี่ยน เจ้าหน้าที่ใจดีมากและมอบ Ford Explorer ให้กับเรา
"I did everything on-line - never talked to an agent during booking.  There were no problems, even though I had to switch car sizes after initial reservation. Agent on duty for pick-up was courteous.",1,ฉันทำทุกอย่างทางออนไลน์ - ไม่เคยคุยกับตัวแทนระหว่างจองเลย ไม่มีปัญหาแม้ว่าฉันจะต้องเปลี่ยนขนาดรถหลังจากจองครั้งแรกแล้วก็ตาม ตัวแทนที่ปฏิบัติหน้าที่รับของมีความสุภาพ
I recently rented a car and they were outstanding.  The customer service rep was very helpful and courteous.  They even let me extend my rental by a couple of hours for no charge at all. I was very pleased with my experience and I would go back.,1,ฉันเพิ่งเช่ารถและพวกเขาก็โดดเด่นมาก ตัวแทนฝ่ายบริการลูกค้าให้ความช่วยเหลือดีและสุภาพมาก พวกเขายังให้ฉันขยายเวลาการเช่าอีกสองสามชั่วโมงโดยไม่มีค่าใช้จ่ายเลย ฉันพอใจมากกับประสบการณ์ของฉัน และฉันจะกลับไปอีก
Wonderful experience - the rental and whole process was seamless,1,ประสบการณ์ที่ยอดเยี่ยม - การเช่าและกระบวนการทั้งหมดราบรื่น
"They had problem to find reservation number, so whole process took too long time.",0,พวกเขามีปัญหาในการค้นหาหมายเลขการจอง ดังนั้นกระบวนการทั้งหมดจึงใช้เวลานานเกินไป
It took us almost three hours just to get a car! It was absurd.,0,เราใช้เวลาเกือบสามชั่วโมงกว่าจะได้รถ! มันไร้สาระ
Provide more convenient car pickup from the airport parking.,0,ให้บริการรับส่งรถจากลานจอดรถสนามบินสะดวกยิ่งขึ้น
"We dealt with customer service at car pick-up place, and drive off in few minutes.",1,เราจัดการกับการบริการลูกค้าที่จุดรับรถและขับรถออกไปภายในไม่กี่นาที
We got our car very quickly.,1,เราได้รถของเราเร็วมาก
"I get keys from customer service and was able to start my vacation,it was nice",1,ฉันได้รับกุญแจจากฝ่ายบริการลูกค้าและสามารถเริ่มต้นวันหยุดพักผ่อนได้ เป็นเรื่องดี
I have never rented the car for a week.  It was great experience. It was in agreement with what my friend said about this company.,1,ฉันไม่เคยเช่ารถเป็นเวลาหนึ่งสัปดาห์ มันเป็นประสบการณ์ที่ยอดเยี่ยม มันสอดคล้องกับสิ่งที่เพื่อนของฉันพูดเกี่ยวกับบริษัทนี้
greater expedience - the rental and whole process was easy and fast,1,สะดวกยิ่งขึ้น - การเช่าและกระบวนการทั้งหมดนั้นง่ายและรวดเร็ว
"They couldn't find my confirmation number in their system, which was rather frustrating.",0,พวกเขาไม่พบหมายเลขยืนยันของฉันในระบบ ซึ่งค่อนข้างน่าหงุดหงิด
The company was overwhelmed by the number of customers verse the number of available agents and they were not articulating their situation to the customers well enough. I think we waited for almost 3 hours just to get a rental car. It was ridiculous.,0,บริษัทมีล้นหลามด้วยจำนวนลูกค้าเทียบกับจำนวนตัวแทนที่มีอยู่ และพวกเขาไม่ได้แจ้งสถานการณ์ให้กับลูกค้าได้ดีเพียงพอ ฉันคิดว่าเรารอเกือบ 3 ชั่วโมงเพื่อที่จะได้รถเช่า มันไร้สาระ
Provide more frequent pickup from the airport.,0,ให้บริการรับส่งจากสนามบินบ่อยขึ้น
"We dealt very little with customer service, and we only walked to the car assigned for us, and drive away.",1,เราจัดการกับการบริการลูกค้าน้อยมาก และเราก็แค่เดินไปที่รถที่ได้รับมอบหมายให้เราแล้วขับออกไป
we got the car quickly,1,เราได้รถอย่างรวดเร็ว
I did not need to deal with customer service on my last vacation rental which was nice,1,ฉันไม่จำเป็นต้องจัดการกับฝ่ายบริการลูกค้าในการเช่าวันหยุดครั้งล่าสุดซึ่งเป็นสิ่งที่ดี
"For leisure/vacation, I have never personally rented the car.  I have always left that up to my significant other and she did not complain to use this company",1,เพื่อการพักผ่อน/วันหยุด ฉันไม่เคยเช่ารถเป็นการส่วนตัว ฉันปล่อยให้เรื่องนั้นขึ้นอยู่กับคนสำคัญของฉันเสมอ และเธอก็ไม่ได้บ่นว่าจะใช้บริษัทนี้
